urow	dsp_sc_0000	rpc_sc(0, 0, 0, 0))                    # py=0
urow	dsp_sc_2210	rpc_sc(2, 2, 1, 0))                    # py=33685760
urow	dsp_sc_open	rpc_sc(0, 2, 2, 0))                    # py=131584
urow	dsp_sc_close	rpc_sc(1, 1, 2, 0))                   # py=16843264
urow	dsp_sc_2000	rpc_sc(2, 0, 0, 0))                    # py=33554432
urow	dsp_sc_3000	rpc_sc(3, 0, 0, 0))                    # py=50331648
urow	dsp_sc_2211	rpc_sc(2, 2, 1, 1))                    # py=33685761
urow	dsp_sc_22115	rpc_sc(2, 2, 1, 15))                  # py=33685775
urow	dsp_sc_22116	rpc_sc(2, 2, 1, 16))                  # py=33685776
urow	dsp_sc_max	rpc_sc(255, 255, 255, 255))             # py=4294967295
urow	dsp_sc_f255	rpc_sc(0, 0, 0, 255))                  # py=255
urow	dsp_sc_m1	rpc_sc(1, 0, 0, 0))                      # py=16777216
urow	dsp_sc_i1	rpc_sc(0, 1, 0, 0))                      # py=65536
urow	dsp_sc_o1	rpc_sc(0, 0, 1, 0))                      # py=256
urow	dsp_sc_2213	rpc_sc(2, 2, 1, 3))                    # py=33685763
urow	dsp_sc_2217	rpc_sc(2, 2, 1, 7))                    # py=33685767
urow	dsp_sc_2218	rpc_sc(2, 2, 1, 8))                    # py=33685768
lrow	dsp_sc_f255_only	[sc_fds(255)])                    # py=255
lrow	dsp_sc_o255_only	[sc_outs(rpc_sc(0, 0, 255, 0))])  # py=255
lrow	dsp_sc_i255_only	[sc_ins(rpc_sc(0, 255, 0, 0))])   # py=255
lrow	dsp_sc_m255_only	[sc_method(rpc_sc(255, 0, 0, 0))])  # py=255
lrow	dsp_scf_2210	[sc_method(33685760), sc_ins(33685760),
lrow	dsp_scf_22115	[sc_method(33685775), sc_ins(33685775),
lrow	dsp_scf_open	[sc_method(131584), sc_ins(131584),
row	dsp_entry_ok_2	entry.method_ok(rpc_sc(2, 2, 1, 0)))   # py=True
row	dsp_entry_ok_2b	entry.method_ok(rpc_sc(2, 0, 0, 0)))  # py=True
row	dsp_entry_no_4	entry.method_ok(RPC_GREET()))           # py=False
row	dsp_entry_no_0	entry.method_ok(0))                    # py=False
row	dsp_entry_no_3	entry.method_ok(rpc_sc(3, 0, 0, 0)))   # py=False
row	dsp_entry_no_1	entry.method_ok(rpc_sc(1, 1, 2, 0)))   # py=False
srow	dsp_fmt_bool	dt_fmt_dt(S.boolean()))                   # py=?
srow	dsp_fmt_schar	dt_fmt_dt(S.int8()))           # py=b
srow	dsp_fmt_uchar	dt_fmt_dt(S.uint8()))         # py=B
srow	dsp_fmt_short	dt_fmt_dt(S.int16()))                 # py=h
srow	dsp_fmt_ushort	dt_fmt_dt(S.uint16()))       # py=H
srow	dsp_fmt_int	dt_fmt_dt(S.int32()))                     # py=i
srow	dsp_fmt_uint	dt_fmt_dt(S.uint32()))           # py=I
srow	dsp_fmt_long	dt_fmt_dt(S.int64()))                   # py=q
srow	dsp_fmt_ulong	dt_fmt_dt(S.uint64()))         # py=Q
srow	dsp_fmt_half	dt_fmt_dt(S.half()))                   # py=e
srow	dsp_fmt_float	dt_fmt_dt(S.single()))                 # py=f
srow	dsp_fmt_double	dt_fmt_dt(S.double()))               # py=d
row	dsp_fmt_no_void	Bool.not(dt_has_fmt_dt(S.void())))         # py=True
row	dsp_fmt_no_weakint	Bool.not(dt_has_fmt_dt(S.weakint())))   # py=True
row	dsp_fmt_no_weakfloat	Bool.not(dt_has_fmt_dt(S.weakfloat())))  # py=True
row	dsp_fmt_no_bf16	Bool.not(dt_has_fmt_dt(S.bfloat16())))       # py=True
row	dsp_fmt_no_fp8	Bool.not(dt_has_fmt_dt(S.fp8e4m3())))   # py=True
urow	dsp_fmt_has_n	dt_fmt_has_count())      # py=12
urow	dsp_fmt_all_n	dt_fmt_all_count())                    # py=20
urow	dsp_isz_void	dt_itemsize_dt(S.void()))               # py=0
urow	dsp_isz_bool	dt_itemsize_dt(S.boolean()))               # py=1
urow	dsp_isz_schar	dt_itemsize_dt(S.int8()))       # py=1
urow	dsp_isz_short	dt_itemsize_dt(S.int16()))             # py=2
urow	dsp_isz_half	dt_itemsize_dt(S.half()))               # py=2
urow	dsp_isz_bf16	dt_itemsize_dt(S.bfloat16()))             # py=2
urow	dsp_isz_int	dt_itemsize_dt(S.int32()))                 # py=4
urow	dsp_isz_float	dt_itemsize_dt(S.single()))             # py=4
urow	dsp_isz_long	dt_itemsize_dt(S.int64()))               # py=8
urow	dsp_isz_ulong	dt_itemsize_dt(S.uint64()))     # py=8
urow	dsp_isz_double	dt_itemsize_dt(S.double()))           # py=8
urow	dsp_isz_weakint	dt_itemsize_dt(S.weakint()))         # py=100
urow	dsp_isz_weakfloat	dt_itemsize_dt(S.weakfloat()))     # py=100
urow	dsp_isz_fp8	dt_itemsize_dt(S.fp8e4m3()))         # py=1
urow	dsp_isz_fp8b	dt_itemsize_dt(S.fp8e5m2fnuz()))    # py=1
lrow	dsp_isz_spec	[S.Dt.itemsize(S.uint32()), S.Dt.itemsize(S.half()),
srow	dsp_cn_bool	dt_cname_dt(S.boolean()))                   # py=_Bool
srow	dsp_cn_half	dt_cname_dt(S.half()))                   # py=__fp16
srow	dsp_cn_long	dt_cname_dt(S.int64()))                   # py=long long
srow	dsp_cn_ulong	dt_cname_dt(S.uint64()))         # py=unsigned long long
srow	dsp_cn_float	dt_cname_dt(S.single()))                 # py=float
srow	dsp_cn_double	dt_cname_dt(S.double()))               # py=double
srow	dsp_cn_int	dt_cname_dt(S.int32()))                     # py=int
srow	dsp_cn_bf16	dt_cname_dt(S.bfloat16()))                 # py=__bf16
srow	dsp_cn_fp8	dt_cname_dt(S.fp8e4m3()))             # py=float8_e4m3
srow	dsp_cng_glob_f32	dt_cname_global(False{}, S.single()))          # py=int
srow	dsp_cng_glob_u64	dt_cname_global(False{}, S.uint64()))  # py=int
srow	dsp_cng_glob_i64	dt_cname_global(False{}, S.int64()))           # py=int
srow	dsp_cng_alu_f32	dt_cname_global(True{}, S.single()))            # py=float
srow	dsp_cng_alu_u64	dt_cname_global(True{}, S.uint64()))    # py=unsigned long long
srow	dsp_cng_alu_bool	dt_cname_global(True{}, S.boolean()))            # py=_Bool
urow	dsp_cfop_clang	CFOP_CLANG())                     # py=18
urow	dsp_cfop_dsp	CFOP_DSP())                         # py=17
urow	dsp_cfop_removed	cfop_removed())                 # py=1
urow	dsp_sd_n	U32.from_nat(List.length(&2, String, supported_names())))  # py=12
row	dsp_sd_drop_bf16	Bool.not(dt_supported(True{}, S.bfloat16())))   # py=True
row	dsp_sd_drop_fp8	Bool.not(dt_supported(True{}, S.fp8e4m3())))  # py=True
row	dsp_sd_drop_fp8b	Bool.not(dt_supported(True{}, S.fp8e5m2fnuz())))  # py=True
row	dsp_sd_keep_bool	dt_supported(True{}, S.boolean()))     # py=True
row	dsp_sd_keep_half	dt_supported(True{}, S.half()))     # py=True
row	dsp_sd_keep_double	dt_supported(True{}, S.double()))  # py=True
row	dsp_sd_keep_long	dt_supported(True{}, S.int64()))     # py=True
srow	dsp_sd_0	dt_nm(supported_12.at(0n)))                     # py=bool
srow	dsp_sd_7	dt_nm(supported_12.at(7n)))                     # py=long
srow	dsp_sd_11	dt_nm(supported_12.at(11n)))                   # py=double
lrow	dsp_pra_len_000	[pra_len(0, 0, 0)])                    # py=0
lrow	dsp_pra_len_2210	[pra_len(2, 1, 0)])                    # py=3
lrow	dsp_pra_len_0220	[pra_len(0, 2, 2)])                    # py=4
lrow	dsp_pra_len_2213	[pra_len(2, 1, 3)])                    # py=6
lrow	dsp_pra_len_22115	[pra_len(2, 1, 15)])                  # py=18
lrow	dsp_pra_len_22116	[pra_len(2, 1, 16)])                  # py=19
lrow	dsp_pra_len_111	[pra_len(1, 1, 1)])                     # py=3
lrow	dsp_pra_len_112	[pra_len(1, 1, 2)])                     # py=4
lrow	dsp_fds_2210	fds_of(2, 1, Nil{}))                       # py=4294967295,4294967295,4294967295
lrow	dsp_fds_2213	fds_of(2, 1, fx.ffs3()))                   # py=4294967295,4294967295,4294967295,10,11,12
lrow	dsp_fds_000	fds_of(0, 0, Nil{}))                        # py=
lrow	dsp_fds_002	fds_of(0, 0, fx.ffs3()))                    # py=10,11,12
lrow	dsp_fds_111	fds_of(1, 1, [10]))                         # py=4294967295,4294967295,10
lrow	dsp_fds_22116	fds_of(2, 1, fx.ffs16()))                 # py=4294967295,4294967295,4294967295,10,11,12,13,14,15,16,17,18,19,20,21,22,23,24,25
lrow	dsp_attr_2210	attrs_of(2, 1, 0))                        # py=0,0,0
lrow	dsp_attr_2213	attrs_of(2, 1, 3))                        # py=0,0,0,1,1,1
lrow	dsp_attr_000	attrs_of(0, 0, 0))                         # py=
lrow	dsp_attr_002	attrs_of(0, 0, 2))                         # py=1,1
lrow	dsp_attr_111	attrs_of(1, 1, 1))                         # py=0,0,1
lrow	dsp_attr_0220	attrs_of(0, 2, 2))                        # py=0,0,1,1
lrow	dsp_attr_22116	attrs_of(2, 1, 16))                    # py=0,0,0,1,1,1,1,1,1,1,1,1,1,1,1,1,1,1,1
lrow	dsp_pra_lens_eq	[pra_len(2, 1, 3),
lrow	dsp_pra_len_2210v	pra_lens(pra_of(2, 1, [8, 16, 8], Nil{}), Nil{}))       # py=8,16,8
lrow	dsp_pra_pv_2210v	pra_pvs(pra_of(2, 1, [8, 16, 8], Nil{}), Nil{}))        # py=1,1,1
lrow	dsp_pra_len_2213v	pra_lens(pra_of(2, 1, [8, 16, 8], fx.ffs3()), Nil{}))  # py=8,16,8,0,0,0
lrow	dsp_pra_fd_2213v	pra_fds(pra_of(2, 1, [8, 16, 8], fx.ffs3()), Nil{}))   # py=0,0,0,10,11,12
lrow	dsp_pra_fd_2210v	pra_fds(pra_of(2, 1, [8, 16, 8], Nil{}), Nil{}))        # py=0,0,0
lrow	dsp_pra_len_z	pra_lens(pra_of(1, 1, [0, 8], [7]), Nil{}))   # py=0,8,0
lrow	dsp_pra_pv_z	pra_pvs(pra_of(1, 1, [0, 8], [7]), Nil{}))     # py=0,1,0
row	dsp_pra_pvset_0	Bool.not(pra.pv_set(0)))                 # py=True
row	dsp_pra_pvset_8	pra.pv_set(8))                           # py=True
lrow	dsp_pra_len_22116v	pra_lens(pra_of(2, 1, [8, 16, 8], fx.ffs16()), Nil{}))  # py=8,16,8,0,0,0,0,0,0,0,0,0,0,0,0,0,0,0,0
lrow	dsp_pra_fd_22116v	pra_fds(pra_of(2, 1, [8, 16, 8], fx.ffs16()), Nil{}))   # py=0,0,0,10,11,12,13,14,15,16,17,18,19,20,21,22,23,24,25
lrow	dsp_vt_b_3_0	[vt_nbytes(3, 0)])                          # py=24
lrow	dsp_vt_b_3_1	[vt_nbytes(3, 1)])                          # py=32
lrow	dsp_vt_b_3_2	[vt_nbytes(3, 2)])                          # py=40
lrow	dsp_vt_b_2_2	[vt_nbytes(2, 2)])                          # py=32
lrow	dsp_vt_b_1_1	[vt_nbytes(1, 1)])                          # py=16
lrow	dsp_vt_b_0_0	[vt_nbytes(0, 0)])                          # py=0
lrow	dsp_vt_s_3_2	[vt_nslots(3, 2)])                          # py=5
lrow	dsp_vt_s_0_0	[vt_nslots(0, 0)])                          # py=0
lrow	dsp_vt_ix_0	[vt_size_byte(0)])                          # py=0
lrow	dsp_vt_ix_1	[vt_size_byte(1)])                          # py=8
lrow	dsp_vt_ix_2	[vt_size_byte(2)])                          # py=16
lrow	dsp_vt_lo_4	[Slot.lo(vt_size_at(0, 4))])                 # py=4
lrow	dsp_vt_hi_4	[Slot.hi(vt_size_at(0, 4))])                 # py=0
lrow	dsp_vt_lo_big	[Slot.lo(vt_size_at(0, 4294967295))])      # py=4294967295
lrow	dsp_vt_hi_big	[Slot.hi(vt_size_at(0, 4294967295))])      # py=0
lrow	dsp_vt_sz_nbytes	[Slot.nbytes(vt_size_at(0, 4))])            # py=8
lrow	dsp_vt_vox_3_0	[vt_val_offset(3, 0)])                    # py=24
lrow	dsp_vt_vox_3_1	[vt_val_offset(3, 1)])                    # py=32
lrow	dsp_vt_vox_0_0	[vt_val_offset(0, 0)])                    # py=0
lrow	dsp_vt_vox_1_0	[vt_val_offset(1, 0)])                    # py=8
lrow	dsp_vt_vox_15_0	[vt_val_offset(15, 0)])                  # py=120
row	dsp_vt_hi_q	vt_hi_of(S.int64()))                             # py=True
row	dsp_vt_hi_Q	vt_hi_of(S.uint64()))                    # py=True
row	dsp_vt_hi_d	vt_hi_of(S.double()))                           # py=True
row	dsp_vt_hi_i	Bool.not(vt_hi_of(S.int32())))                    # py=True
row	dsp_vt_hi_f	Bool.not(vt_hi_of(S.single())))                  # py=True
row	dsp_vt_hi_e	Bool.not(vt_hi_of(S.half())))                   # py=True
row	dsp_vt_hi_b	Bool.not(vt_hi_of(S.int8())))            # py=True
row	dsp_vt_hi_void	Bool.not(vt_hi_of(S.void())))                # py=True
row	dsp_vt_lo_void	Bool.not(vt_lo_of(S.void())))                # py=True
row	dsp_vt_lo_b	vt_lo_of(S.int8()))                      # py=True
row	dsp_vt_lo_weakint	vt_lo_of(S.weakint()))                    # py=True
lrow	dsp_prog_pl_3_2	prog.pra_lens(3, 2))                     # py=40,12,8
lrow	dsp_prog_pl_3_0	prog.pra_lens(3, 0))                     # py=24,12,8
lrow	dsp_prog_pl_0_0	prog.pra_lens(0, 0))                     # py=0,0,8
lrow	dsp_prog_pl_1_1	prog.pra_lens(1, 1))                     # py=16,4,8
lrow	dsp_prog_pl_15_0	prog.pra_lens(15, 0))                   # py=120,60,8
lrow	dsp_off_b_0	[off_nbytes(0)])                             # py=0
lrow	dsp_off_b_1	[off_nbytes(1)])                             # py=4
lrow	dsp_off_b_3	[off_nbytes(3)])                             # py=12
lrow	dsp_off_b_15	[off_nbytes(15)])                           # py=60
lrow	dsp_off_b_16	[off_nbytes(16)])                           # py=64
urow	dsp_exec_sc_0	prog.exec_sc(0))                          # py=33685760
urow	dsp_exec_sc_1	prog.exec_sc(1))                          # py=33685761
urow	dsp_exec_sc_3	prog.exec_sc(3))                          # py=33685763
urow	dsp_exec_sc_7	prog.exec_sc(7))                          # py=33685767
urow	dsp_exec_sc_15	prog.exec_sc(15))                        # py=33685775
urow	dsp_exec_sc_16	prog.exec_sc(16))                        # py=33685776
lrow	dsp_exec_sc_f	[sc_fds(prog.exec_sc(7))])                 # py=7
lrow	dsp_exec_sc_i	[sc_ins(prog.exec_sc(7))])                 # py=2
lrow	dsp_exec_sc_o	[sc_outs(prog.exec_sc(7))])               # py=1
lrow	dsp_exec_sc_m	[sc_method(prog.exec_sc(7))])             # py=2
row	dsp_toomany_15	Bool.not(prog.too_many(15)))              # py=True
row	dsp_toomany_16	prog.too_many(16))                        # py=True
row	dsp_toomany_17	prog.too_many(17))                        # py=True
urow	dsp_call_ok_n	seen(ok))                                  # py=1
urow	dsp_call_ok_sc	first(cargs(CALL_EXEC_LIB(), ok)))        # py=33685763
row	dsp_call_ok_flag	Bool.not(Tr.refused(ok)))                # py=True
urow	dsp_call_16_n	seen(no))                                  # py=0
row	dsp_call_16_refused	Tr.refused(no))                      # py=True
urow	dsp_call_blocked_n	seen(blk))                            # py=0
row	dsp_call_blocked_flag	Tr.refused(blk))                    # py=True
lrow	dsp_scale_real	[prog.scale_micros()])                   # py=1000000
lrow	dsp_scale_mock	[mprog.scale_ins()])                     # py=1000000000
lrow	dsp_scale_gap	[U32.sub(mprog.scale_ins(), prog.scale_micros())])  # py=999000000
lrow	dsp_timer_b	[TIMER_BYTES()])                             # py=8
urow	dsp_call_mix_n	seen(mix))                                # py=1
urow	dsp_call_mix_sc	first(cargs(CALL_EXEC_LIB(), mix)))      # py=33685761
srow	dsp_e_h0	entry.head0())
srow	dsp_e_h2	entry.head2())                    # py=HAP_power_set((void*)handle, (void*)&req);
srow	dsp_e_guard	entry.guard())                # py=if ((sc>>24) != 2) return 0;
srow	dsp_e_topen	entry.timer_open())
srow	dsp_e_tclose	entry.timer_close())
srow	dsp_e_ret	entry.ret())                     # py=return 0; }
srow	dsp_e_sz_g0	entry.sz_decl(0, fx.g(S.single(), 4)))
srow	dsp_e_sz_g1	entry.sz_decl(1, fx.g(S.single(), 4)))
srow	dsp_e_sz_g2	entry.sz_decl(2, fx.g(S.uint32(), 1)))
srow	dsp_e_sz_g3	entry.sz_decl(3, fx.g(S.uint64(), 1)))
srow	dsp_e_sz_a0	entry.sz_decl(0, fx.a(S.uint32(), 1)))
srow	dsp_e_sz_a1	entry.sz_decl(1, fx.a(S.single(), 1)))
srow	dsp_e_sz_a2	entry.sz_decl(2, fx.a(S.int32(), 1)))
srow	dsp_e_sz_a3	entry.sz_decl(3, fx.a(S.int32(), 1)))
srow	dsp_e_off0	entry.off(0))                   # py=int off0 = ((int*)pra[1].buf.pv)[0];
srow	dsp_e_off1	entry.off(1))                   # py=int off1 = ((int*)pra[1].buf.pv)[1];
srow	dsp_e_off2	entry.off(2))                   # py=int off2 = ((int*)pra[1].buf.pv)[2];
srow	dsp_e_mm0	entry.mmap(0))
srow	dsp_e_mm1	entry.mmap(1))
srow	dsp_e_mm2	entry.mmap(2))
lrow	dsp_e_dma_0	[entry.dma_slot(0)])           # py=3
lrow	dsp_e_dma_2	[entry.dma_slot(2)])           # py=5
lrow	dsp_e_dma_4	[entry.dma_slot(4)])           # py=7
lrow	dsp_e_dma_n	[U32.sub(entry.dma_slot(0), U32.add(prog.nins(), prog.nouts()))])  # py=0
srow	dsp_e_un0	entry.munmap(0))                 # py=HAP_munmap(buf_0, sz_or_val_0);
srow	dsp_e_un2	entry.munmap(2))                 # py=HAP_munmap(buf_2, sz_or_val_2);
srow	dsp_e_arg_g0	entry.arg_name(0, fx.g(S.single(), 4)))   # py=buf_0
srow	dsp_e_arg_g1	entry.arg_name(1, fx.g(S.single(), 4)))   # py=buf_1
srow	dsp_e_arg_a0	entry.arg_name(0, fx.a(S.uint32(), 1)))  # py=sz_or_val_0
srow	dsp_e_arg_a1	entry.arg_name(1, fx.a(S.single(), 1)))        # py=sz_or_val_1
srow	dsp_e_ag_off1	entry.off(1))                # py=int off1 = ((int*)pra[1].buf.pv)[1];
srow	dsp_e_ag_mm1	entry.mmap(1))
srow	dsp_e_ag_mm2	entry.mmap(2))
srow	dsp_e_ag_arg0	entry.arg_name(0, fx.a(S.uint32(), 1)))  # py=sz_or_val_0
srow	dsp_e_ag_arg3	entry.arg_name(3, fx.a(S.int32(), 1)))            # py=sz_or_val_3
urow	dsp_e_lines_g1	entry.line_count(fx.g1()))  # py=12
urow	dsp_e_lines_g2	entry.line_count(fx.g2()))                    # py=16
urow	dsp_e_lines_g0	entry.line_count(Nil{}))                       # py=8
urow	dsp_e_lines_agga	entry.line_count(fx.agga()))                 # py=18
urow	dsp_e_lines_a1	entry.line_count(fx.a1()))                    # py=9
urow	dsp_e_lines_a2	entry.line_count(fx.a2()))                    # py=10
urow	dsp_e_lines_gag	entry.line_count(fx.ga1()))                    # py=17
urow	dsp_e_nfixed	ENTRY_FIXED())                                   # py=4
urow	dsp_e_ntail	ENTRY_TAIL())                                     # py=4
urow	dsp_e_nsz_agga	entry.count_sz_of(fx.agga()))                  # py=4
urow	dsp_e_noff_agga	entry.count_off(fx.agga()))                   # py=2
urow	dsp_e_nmmap_agga	entry.count_mmap(fx.agga()))                 # py=2
urow	dsp_e_nalu_agga	entry.count_alu(fx.agga()))                   # py=2
urow	dsp_e_noff_g2	entry.count_off(fx.g2()))                      # py=2
urow	dsp_e_noff_a2	entry.count_off(fx.a2()))                     # py=0
srow	dsp_m_start	mrender.start())               # py=void _start(void) {
srow	dsp_m_stamp	mrender.stamp())               # py=unsigned int st = inscount();
srow	dsp_m_finish	mrender.finish())
srow	dsp_m_exit	mrender.exit())                 # py=exit(0); }
srow	dsp_m_mm0	mrender.mmap(0, 4))
srow	dsp_m_mm1	mrender.mmap(1, 16))
srow	dsp_m_mm2	mrender.mmap(2, 8))
srow	dsp_m_v0	mrender.val(0, fx.a(S.uint32(), 1)))
srow	dsp_m_v1	mrender.val(1, fx.a(S.single(), 1)))     # py=float val1; read(0, &val1, 4);
srow	dsp_m_v2	mrender.val(2, fx.a(S.int32(), 1)))       # py=int val2; read(0, &val2, 4);
srow	dsp_m_v3	mrender.val(3, fx.a(S.int32(), 1)))       # py=int val3; read(0, &val3, 4);
srow	dsp_m_v4	mrender.val(4, fx.a(S.int64(), 1)))      # py=long long val4; read(0, &val4, 8);
srow	dsp_m_v5	mrender.val(5, fx.a(S.half(), 1)))      # py=__fp16 val5; read(0, &val5, 2);
srow	dsp_m_v6	mrender.val(6, fx.a(S.int8(), 1)))  # py=signed char val6; read(0, &val6, 1);
srow	dsp_m_ag0	mrender.arg_name(0, fx.g(S.single(), 4)))     # py=(void*)buf0
srow	dsp_m_ag1	mrender.arg_name(1, fx.g(S.single(), 4)))     # py=(void*)buf1
srow	dsp_m_aa0	mrender.arg_name(0, fx.a(S.uint32(), 1)))  # py=val0
srow	dsp_m_ag2	mrender.arg_name(2, fx.a(S.single(), 1)))         # py=val2
srow	dsp_m_w0	mrender.emit(0, 4))                  # py=write(1, buf0, 4);
srow	dsp_m_w1	mrender.emit(1, 16))                 # py=write(1, buf1, 16);
lrow	dsp_m_nb_u32_1	[mrender.nbytes(fx.g(S.uint32(), 1))])  # py=4
lrow	dsp_m_nb_f32_4	[mrender.nbytes(fx.g(S.single(), 4))])         # py=16
lrow	dsp_m_nb_f32_2	[mrender.nbytes(fx.g(S.single(), 2))])         # py=8
lrow	dsp_m_nb_f64_2	[mrender.nbytes(fx.g(S.double(), 2))])        # py=16
lrow	dsp_m_nb_f16_3	[mrender.nbytes(fx.g(S.half(), 3))])          # py=6
lrow	dsp_m_nb_u8_7	[mrender.nbytes(fx.g(S.uint8(), 7))])  # py=7
lrow	dsp_m_nb_i64_1	[mrender.nbytes(fx.g(S.int64(), 1))])          # py=8
lrow	dsp_m_nb_bf16_2	[mrender.nbytes(fx.g(S.bfloat16(), 2))])       # py=4
lrow	dsp_m_sys	[SYSCALL_READ(), SYSCALL_WRITE(), SYSCALL_EXIT(),
lrow	dsp_m_boiler	[boiler_lines(), boiler_first_len()])  # py=9,65
lrow	dsp_m_boiler_has_syscall	[u32_of_str(mockdsp_boilerplate(), "syscall")])  # py=1
lrow	dsp_m_boiler_has_read	[u32_of_str(mockdsp_boilerplate(), "read")])        # py=1
lrow	dsp_m_boiler_has_write	[u32_of_str(mockdsp_boilerplate(), "write")])      # py=1
lrow	dsp_m_boiler_has_exit	[u32_of_str(mockdsp_boilerplate(), "exit")])        # py=1
lrow	dsp_m_boiler_has_mmap2	[u32_of_str(mockdsp_boilerplate(), "mmap2")])      # py=1
lrow	dsp_m_boiler_has_inscount	[u32_of_str(mockdsp_boilerplate(), "inscount")])  # py=1
urow	dsp_acc_off0	buf.offset(b0))                  # py=0
urow	dsp_acc_off1	buf.offset(b1))                  # py=64
urow	dsp_acc_va1	buf.va(b1))                       # py=4160
urow	dsp_acc_sz1	buf.size(b1))                     # py=256
urow	dsp_acc_fd1	buf.share_fd(b1))                 # py=7
urow	dsp_acc_hdl1	buf.share_handle(b1))            # py=9
urow	dsp_acc_id1	buf.id(b1))                       # py=0
urow	dsp_acc_n1	buf.nbytes(b1))                    # py=256
row	dsp_acc_share1	buf.has_share(b1))              # py=True
urow	dsp_acc_off2	buf.offset(b2))                  # py=80
urow	dsp_acc_va2	buf.va(b2))                       # py=4176
urow	dsp_acc_sz2	buf.size(b2))                     # py=128
urow	dsp_acc_hdl2	buf.share_handle(b2))            # py=9
urow	dsp_acc_fd2	buf.share_fd(b2))                 # py=7
row	dsp_acc_share2	buf.has_share(b2))              # py=True
urow	dsp_acc_off3	buf.offset(b3))                  # py=84
urow	dsp_acc_va3	buf.va(b3))                       # py=4180
lrow	dsp_acc_math	[alloc.offset.va(4096, 64), alloc.offset.acc(0, 64),
lrow	dsp_acc_math0	[alloc.offset.va(0, 0), alloc.offset.acc(0, 0)])  # py=0,0
row	dsp_acc_mshare	Bool.not(buf.has_share(m1)))    # py=True
urow	dsp_acc_moff	buf.offset(m1))                  # py=64
lrow	dsp_ion	[ION_ALIGN(), ion.heap_id_mask(), ION_FLAG_CACHED(),
lrow	dsp_ion_a	[ion.aligned(1), ion.aligned(511), ion.aligned(512),
lrow	dsp_shell_sz	[dev.shell_size(0), dev.shell_size(1),
lrow	dsp_mmap	[MMAP_PROT(), alloc.mock_flags(), alloc.real_flags()])  # py=3,33,1
urow	dsp_free_r_n	seen(fr))                        # py=3
urow	dsp_free_r_hdl	first(cargs(CALL_ION_FREE(), fr)))             # py=9
urow	dsp_free_r_mm	first(cargs(CALL_MMAP(), fr)))                  # py=1024
row	dsp_free_r_order	seq(fr, [Call{CALL_MMAP, 1024},
row	dsp_free_r_rev	Bool.not(seq(fr, [Call{CALL_ION_FREE, 9},
urow	dsp_free_m_n	seen(fm))                        # py=1
urow	dsp_free_m_ionfree	ncalls(CALL_ION_FREE(), fm))   # py=0
urow	dsp_free_m_close	ncalls(CALL_OS_CLOSE(), fm))     # py=0
urow	dsp_free_m_mmap	ncalls(CALL_MMAP(), fm))         # py=1
urow	dsp_free_m_mm	first(cargs(CALL_MMAP(), fm)))     # py=1024
lrow	dsp_copy	[alloc.copyin_bytes(64), alloc.copyout_bytes(32),
urow	dsp_asbuf	alloc.as_buffer_bytes(b0))          # py=1024
urow	dsp_alloc_r_n	seen(Made.tr(ar)))              # py=3
urow	dsp_alloc_r_sz	first(cargs(CALL_ION_ALLOC(), Made.tr(ar))))     # py=1024
urow	dsp_alloc_r_mm	first(cargs(CALL_MMAP(), Made.tr(ar))))          # py=1024
urow	dsp_alloc_r_share	first(cargs(CALL_ION_SHARE(), Made.tr(ar))))  # py=1
urow	dsp_alloc_r_size	buf.size(Made.buf(ar)))      # py=1024
urow	dsp_alloc_r_id	buf.id(Made.buf(ar)))          # py=0
row	dsp_alloc_r_hasshare	buf.has_share(Made.buf(ar)))               # py=True
row	dsp_alloc_r_order	seq(Made.tr(ar), [Call{CALL_ION_ALLOC, 1024},
urow	dsp_alloc_m_n	seen(Made.tr(am)))              # py=1
urow	dsp_alloc_m_ionalloc	ncalls(CALL_ION_ALLOC(), Made.tr(am)))    # py=0
urow	dsp_alloc_m_ionshare	ncalls(CALL_ION_SHARE(), Made.tr(am)))    # py=0
urow	dsp_alloc_m_mm	first(cargs(CALL_MMAP(), Made.tr(am))))        # py=1024
urow	dsp_alloc_m_size	buf.size(Made.buf(am)))      # py=1024
urow	dsp_alloc_m_id	buf.id(Made.buf(am)))          # py=0
row	dsp_alloc_m_noshare	Bool.not(buf.has_share(Made.buf(am))))     # py=True
row	dsp_recycle_plain	D.recycled(True{}, True{}, fx.spec(False{}, False{})))  # py=True
row	dsp_norecycle_nolru	Bool.not(D.recycled(True{}, True{}, dev.shell_spec())))  # py=True
row	dsp_norecycle_glru	Bool.not(D.recycled(False{}, True{}, fx.spec(False{}, False{}))))  # py=True
row	dsp_norecycle_lru	Bool.not(D.recycled(True{}, False{}, fx.spec(False{}, False{}))))  # py=True
row	dsp_norecycle_ext	Bool.not(D.recycled(True{}, True{}, fx.spec(False{}, True{}))))   # py=True
row	dsp_shell_nolru	dev.shell_spec.nolru(dev.shell_spec()))     # py=True
row	dsp_shell_plain	dev.shell_spec.plain(dev.shell_spec()))     # py=True
row	dsp_plain_nolru	Bool.not(dev.shell_spec.nolru(fx.spec(False{}, False{}))))  # py=True
lrow	dsp_recycle_matrix	[Bool.to_u32(D.recycled(True{}, True{}, fx.spec(False{}, False{}))),
urow	dsp_shell_alloc_n	seen(Made.tr(sh)))          # py=3
urow	dsp_shell_alloc_size	buf.size(Made.buf(sh)))  # py=8192
urow	dsp_shell_alloc_sz16	dev.shell_size(4096))     # py=4096
urow	dsp_shell_copy_n	first(cargs(CALL_MEMMOVE(), dev.shell_copy(4660, Tr.of()))))  # py=4660
urow	dsp_shell_recycled	Bool.to_u32(D.recycled(True{}, True{}, dev.shell_spec())))  # py=0
lrow	dsp_take	[D.alloc_take(Nil{}), D.alloc_take([11]),
lrow	dsp_freed	[D.freed(Nil{}, 0), D.freed([1], 0), D.freed([1, 2, 3], 0)])  # py=0,1,3
srow	dsp_args	COMPILER_ARGS())
srow	dsp_args_first_m	compiler_args_first(True{}))   # py=-static
srow	dsp_args_first_r	compiler_args_first(False{}))  # py=-shared
row	dsp_args_T_r	compiler_args_has_T(False{}))      # py=True
row	dsp_args_T_m	Bool.not(compiler_args_has_T(True{})))  # py=True
row	dsp_unlink_r	compiler.del_unlinks(False{}))      # py=True
row	dsp_unlink_m	Bool.not(compiler.del_unlinks(True{})))  # py=True
srow	dsp_ck_r	compiler.cachekey_of(False{}, True{}))  # py=compile_dsp
srow	dsp_ck_m	compiler.cachekey_of(True{}, True{}))   # py=
srow	dsp_ck_nc	compiler.cachekey_of(False{}, False{}))  # py=
row	dsp_ck_on_r	compiler.cachekey_on(False{}, True{}))  # py=True
row	dsp_ck_on_m	Bool.not(compiler.cachekey_on(True{}, True{})))  # py=True
row	dsp_ck_on_nc	Bool.not(compiler.cachekey_on(False{}, False{})))  # py=True
row	dsp_nc_mock_hit	D.needs_compile(False{}, True{}))    # py=True
row	dsp_nc_real_hit	Bool.not(D.needs_compile(True{}, True{})))  # py=True
row	dsp_nc_real_miss	D.needs_compile(True{}, False{}))   # py=True
urow	dsp_link_n	U32.from_nat(List.length(&2, String, link_sections())))  # py=15
srow	dsp_link_0	link_section(0n))    # py=text
srow	dsp_link_1	link_section(1n))    # py=rela.plt
srow	dsp_link_7	link_section(7n))    # py=dynamic
srow	dsp_link_9	link_section(9n))    # py=got.plt
srow	dsp_link_13	link_section(13n))  # py=shstrtab
srow	dsp_link_14	link_section(14n))  # py=strtab
srow	dsp_link_line	link_line("text"))
srow	dsp_link_line2	link_line("got.plt"))
srow	dsp_link_script	link_script())
urow	dsp_link_align	LINK_ALIGN())  # py=4096
srow	dsp_cmd_m	compile_cmd(True{}, "clang"))
srow	dsp_cmd_r	compile_cmd(False{}, "clang"))
srow	dsp_cmd_cc	compile_cmd(True{}, "gcc"))
row	dsp_cmd_cc_used	Bool.not(String.eq(compile_cmd(True{}, "gcc"),
row	dsp_cmd_mock_used	Bool.not(String.eq(compile_cmd(True{}, "clang"),
srow	dsp_suffix	BUFFER_SUFFIX())
srow	dsp_typedef	KERNEL_TYPEDEF())  # py=__attribute__((noinline)) void
row	dsp_no_super_init	dev.branch_same_alloc())  # py=True
srow	dsp_dev_node_ion	DEV_ION())  # py=/dev/ion
srow	dsp_dev_node_adsp	DEV_ADSP())  # py=/dev/adsprpc-smd
srow	dsp_shell_path	SHELL_PATH())  # py=/dsp/cdsp/fastrpc_shell_3
row	dsp_mock_default	dev.is_mock())  # py=True
urow	dsp_init_n	seen(f))                              # py=5
urow	dsp_init_first_k	first_k(Tr.calls(f)))           # py=6
urow	dsp_init_last_k	last_k(Tr.calls(f)))             # py=10
lrow	dsp_init_kinds	kind_list(Tr.calls(f)))           # py=6,7,8,9,10
row	dsp_init_order	seq(f, [Call{CALL_ADSP_OPEN, 0},
row	dsp_init_rev	Bool.not(seq(f, [Call{CALL_RPC_CONTROL, 3},
lrow	dsp_init_args	cargs(CALL_RPC_INVOKE(), f))       # py=50331648
lrow	dsp_init_args3	cargs(CALL_RPC_GETINFO(), f))     # py=3
lrow	dsp_init_args4	cargs(CALL_RPC_CONTROL(), f))     # py=3
lrow	dsp_init_args5	cargs(CALL_RPC_INIT(), f))        # py=1
urow	dsp_init_ag_n	seen(g))                           # py=7
urow	dsp_init_ag_first_k	first_k(Tr.calls(g)))        # py=10
urow	dsp_init_ag_second_k	second_k(Tr.calls(g)))      # py=4
lrow	dsp_init_ag_kinds	kind_list(Tr.calls(g)))        # py=10,4,6,7,8,9,10
row	dsp_init_ag_order	seq(g, [Call{CALL_RPC_INVOKE, SC_STALE},
lrow	dsp_init_ag_invokes	cargs(CALL_RPC_INVOKE(), g))  # py=33554432,50331648
lrow	dsp_init_ag_close	cargs(CALL_OS_CLOSE(), g))      # py=98
lrow	dsp_sc_stale	[SC_STALE()])                        # py=33554432
lrow	dsp_sc_initinv	[SC_INIT_INVOKE()])                # py=50331648
lrow	dsp_ol_sc	[dev.open_lib_sc()])                    # py=131584
lrow	dsp_cl_sc	[dev.close_lib_sc()])                   # py=16843264
lrow	dsp_ol_f	[sc_method(dev.open_lib_sc()), sc_ins(dev.open_lib_sc()),
lrow	dsp_cl_f	[sc_method(dev.close_lib_sc()), sc_ins(dev.close_lib_sc()),
srow	dsp_fp	OPEN_LIB_FP())
lrow	dsp_fp_len	[OPEN_LIB_NAMED_LEN(), OPEN_LIB_NUL_LEN(), open_lib_len()])  # py=43,1,44
lrow	dsp_ol_ins	[open_lib_len(), open_lib_ins1(), open_lib_out0(), open_lib_out1()])  # py=44,255,8,255
row	dsp_ol_bad_neg	open_lib_bad(4294967295))          # py=True
row	dsp_ol_bad_neg2	open_lib_bad(2147483648))       # py=True
row	dsp_ol_bad_neg3	open_lib_bad(4294967294))  # py=True
row	dsp_ol_bad_0	Bool.not(open_lib_bad(0)))           # py=True
row	dsp_ol_bad_pos	Bool.not(open_lib_bad(100)))       # py=True
row	dsp_ol_bad_maxpos	Bool.not(open_lib_bad(2147483647)))  # py=True
srow	dsp_ol_err	open_lib_err("bad elf"))
srow	dsp_ol_err_empty	open_lib_err(""))
lrow	dsp_ol_handle	[dev.open_lib_handle(Tr.of()), Tr.next(oh)])  # py=0,1
urow	dsp_exec_n	seen(e0))                              # py=3
lrow	dsp_exec_kinds	kind_list(Tr.calls(e0)))           # py=12,11,14
row	dsp_exec_order	seq(e0, [Call{CALL_OPEN_LIB, 131584},
row	dsp_exec_rev	Bool.not(seq(e0, [Call{CALL_CLOSE_LIB, 16843264},
lrow	dsp_exec_sc	cargs(CALL_RPC_INVOKE_ATTRS(), e0))   # py=33685763
urow	dsp_exec_retry_n	seen(e1))                        # py=11
urow	dsp_exec_retry_open	ncalls(CALL_OPEN_LIB(), e1))  # py=2
urow	dsp_exec_retry_invoke	ncalls(CALL_RPC_INVOKE_ATTRS(), e1))  # py=1
urow	dsp_exec_retry_close	ncalls(CALL_CLOSE_LIB(), e1))  # py=1
urow	dsp_exec_retry_inits	ncalls(CALL_RPC_INVOKE(), e1))  # py=2
lrow	dsp_exec_retry_kinds	kind_list(Tr.calls(e1)))        # py=12,10,4,6,7,8,9,10,12,11,14
urow	dsp_exec_fail_n	seen(e2))                         # py=9
urow	dsp_exec_fail_open	ncalls(CALL_OPEN_LIB(), e2))   # py=2
urow	dsp_exec_fail_invoke	ncalls(CALL_RPC_INVOKE_ATTRS(), e2))  # py=0
urow	dsp_exec_fail_close	ncalls(CALL_CLOSE_LIB(), e2))  # py=0
row	dsp_exec_fail_tail	seq(e2, [Call{CALL_RPC_INVOKE_ATTRS, 33685763},
lrow	dsp_exec_fail_kinds	kind_list(Tr.calls(e2)))      # py=12,10,4,6,7,8,9,10,12
lrow	dsp_rpc_greet	[RPC_GREET()])                            # py=67240448
lrow	dsp_rpc_greet_f	[sc_method(RPC_GREET()), sc_ins(RPC_GREET()),
row	dsp_rpc_greet_ne	Bool.not(RPC_GREET_IS_EXEC()))          # py=True
lrow	dsp_rpc_greet_gap	[U32.sub(RPC_GREET(), rpc_sc(M_INVOKE(), 2, 1, 0))])  # py=33554688
lrow	dsp_rpc_arms	rpc.arm_ids())                             # py=1,2,3,4,5,6,7
urow	dsp_rpc_narms	U32.from_nat(List.length(&2, U32, rpc.arm_ids())))  # py=7
lrow	dsp_rpc_a_hello	[rpc.arm(131584)])                      # py=1
lrow	dsp_rpc_a_open	[rpc.arm(199229440)])                    # py=2
lrow	dsp_rpc_a_close	[rpc.arm(50397184)])                    # py=3
lrow	dsp_rpc_a_seek	[rpc.arm(151004672)])                    # py=4
lrow	dsp_rpc_a_read	[rpc.arm(67125248)])                     # py=5
lrow	dsp_rpc_a_stat	[rpc.arm(31195136)])                     # py=6
lrow	dsp_rpc_a_mmap	[rpc.arm(33619968)])                     # py=7
lrow	dsp_rpc_a_greet	[rpc.arm(RPC_GREET())])                 # py=0
lrow	dsp_rpc_a_exec	[rpc.arm(prog.exec_sc(3))])              # py=0
lrow	dsp_rpc_a_0	[rpc.arm(0)])                               # py=0
lrow	dsp_rpc_a_1	[rpc.arm(1)])                               # py=0
lrow	dsp_rpc_a_max	[rpc.arm(4294967295)])                    # py=0
lrow	dsp_rpc_scs	[SC_HELLO(), SC_OPEN(), SC_CLOSE(), SC_SEEK(),
lrow	dsp_rpc_init	[RPC_CONTEXT(), RPC_STATUS_OK(),
lrow	dsp_rpc_lens	rpc.lens())  # py=16,65536,16,65536
lrow	dsp_rpc_npq	[RPC_NINS(), RPC_NOUTS(),
lrow	dsp_rpc_outlen	[rpc.out_len_index(), rpc.out_len_zero()])  # py=1,0
lrow	dsp_rpc_msg_ix	[rpc.msg_status_index(), rpc.msg_len_index(),
lrow	dsp_rpc_reply_ix	[rpc.reply_context_index(), rpc.reply_sc_index()])  # py=0,2
lrow	dsp_rpc_reply_io	[sc_ins(199229440), sc_outs(199229440),
lrow	dsp_rpc_pad	[rpc.obj_pad(0), rpc.obj_pad(1), rpc.obj_pad(4),
lrow	dsp_rpc_geom	[RPC_OBJ_ALIGN(), RPC_SIZE_BYTES(),
row	dsp_rpc_seek_0	rpc.seek_ok(0))       # py=True
row	dsp_rpc_seek_1	Bool.not(rpc.seek_ok(1)))  # py=True
row	dsp_rpc_seek_2	Bool.not(rpc.seek_ok(2)))  # py=True
srow	dsp_rpc_seek_err	rpc.seek_err(151004672))
urow	dsp_rpc_hello_n	seen(rpc.hello(Tr.of())))  # py=0
srow	dsp_rpc_unknown	rpc.unknown_err(255))
srow	dsp_rpc_unknown0	rpc.unknown_err(0))
lrow	dsp_rpc_cnt	rpc.cnts())
lrow	dsp_mp_in	[mprog.stdin_bytes(Nil{}), mprog.stdin_bytes(fx.bufs3()),
lrow	dsp_mp_nstdin	[mprog.nstdin(3, 0), mprog.nstdin(3, 2),
lrow	dsp_mp_out	[MPROG_HEAD(), mprog.stdout_len(0), mprog.stdout_len(6),
row	dsp_mp_shared_fmts	dt_has_fmt_dt(S.int32()))  # py=True
lrow	dsp_mp_check	[MPROG_HEAD(), mprog.stdout_len(0)])  # py=4,4
row	dsp_has_ok	seq(t, [Call{CALL_ADSP_OPEN, 0}, Call{CALL_RPC_GETINFO, 3}]))  # py=True
row	dsp_has_rev	Bool.not(seq(t, [Call{CALL_RPC_GETINFO, 3},
row	dsp_has_absent	Bool.not(seq(t, [Call{CALL_ADSP_OPEN, 99}])))  # py=True
row	dsp_has_wrongarg	Bool.not(seq(t, [Call{CALL_ADSP_OPEN, 0},
row	dsp_has_kind	seq(t, [Call{CALL_ADSP_OPEN, 0}]))  # py=True
row	dsp_has_wrongkind	Bool.not(seq(t, [Call{CALL_MMAP, 0}])))  # py=True
row	dsp_has_empty	seq(t, Nil{}))  # py=True
row	dsp_has_long	Bool.not(seq(t, [Call{CALL_RPC_INVOKE, SC_STALE},
row	dsp_has_emptytr	Bool.not(seq(Tr.of(), [Call{CALL_ADSP_OPEN, 0}])))  # py=True
urow	dsp_rd_n	seen(t))                                # py=7
urow	dsp_rd_invoke	ncalls(CALL_RPC_INVOKE(), t))      # py=2
urow	dsp_rd_init	ncalls(CALL_RPC_INIT(), t))          # py=1
urow	dsp_rd_mmap	ncalls(CALL_MMAP(), t))              # py=0
lrow	dsp_rd_invoke_args	cargs(CALL_RPC_INVOKE(), t))  # py=33554432,50331648
lrow	dsp_rd_kinds	kind_list(Tr.calls(t)))              # py=10,4,6,7,8,9,10
