# THE NAMING GATE REVIEW LEDGER -- one line per RENAME, four tab-separated fields:
#
#	upstream_file<TAB>upstream_name<TAB>affix<TAB>reason-it-is-not-a-rename
#
# `naming-gate.py` PROPOSES every (file, name, affix); this file ADJUDICATES. The
# gate FAILS on any proposal with no line here, on any line whose reason is still
# UNREVIEWED, and on any line whose proposal has disappeared (stale amnesty is
# unearned amnesty). An exemption covers ONE exact affix on ONE name in ONE
# file: change the prefix and the gate fires again.
#
# Generated by `naming-gate-ledger.py`, which ASSERTS that every live proposal is
# covered -- so a new rename cannot slip in unreviewed.
#
# ABSENT upstream names are deliberately NOT here. An unported name is missing
# implementation, not a misnomer; the gate counts those separately and does not
# fail on them.
codegen/decomp/transcendental.py	shl	_lazy	PORT-LOCAL:shl_lazy-and-shr_lazy-are-the-lazy-port-variants
codegen/decomp/transcendental.py	shl	tx_	OWNER-RULING-NEEDED:22-call-sites-in-do-not-edit-dtype.bend
codegen/decomp/transcendental.py	shr	_lazy	PORT-LOCAL:shl_lazy-and-shr_lazy-are-the-lazy-port-variants
codegen/decomp/transcendental.py	shr	tx_	OWNER-RULING-NEEDED:22-call-sites-in-do-not-edit-dtype.bend
codegen/gpudims.py	group_gpudims	pm_	UPSTREAM-PREFIX:pm_-is-upstreams-own
codegen/simplify.py	reduce_collapse	pm_	UPSTREAM-PREFIX:pm_-is-upstreams-own
engine/realize.py	_validate	arg_is	COINCIDENCE:arg_is_validate-is-a-predicate-not-a-port-of-_validate
engine/worker.py	worker_pool	terminate_	COINCIDENCE:terminate_worker_pool-is-shutdown-not-the-module-global
helpers.py	T	qdm	COINCIDENCE:Tqdm-is-an-upstream-class-not-a-TypeVar-T-rename
helpers.py	all_int	_nest	PORT-LOCAL:all_int_nest-is-a-nested-shape-helper
helpers.py	all_same	_str	LANG-CONSTRAINED:no-generics-one-def-per-element-type
helpers.py	all_same	_u32	LANG-CONSTRAINED:no-generics-one-def-per-element-type
helpers.py	argfix	_bad	LANG-CONSTRAINED:no-overloading-split-by-branch
helpers.py	argfix	_seq	LANG-CONSTRAINED:no-generics-one-def-per-element-type
helpers.py	argsort	_u32	LANG-CONSTRAINED:no-generics-one-def-per-element-type
helpers.py	cdiv	_i32	LANG-CONSTRAINED:no-generics-one-def-per-element-type
helpers.py	cdiv	_i32_go	LANG-CONSTRAINED:no-generics-one-def-per-element-type
helpers.py	cdiv	_sign	LANG-CONSTRAINED:no-generics-one-def-per-element-type
helpers.py	cdiv	_u32	LANG-CONSTRAINED:no-generics-one-def-per-element-type
helpers.py	ceildiv	_i32	LANG-CONSTRAINED:no-generics-one-def-per-element-type
helpers.py	ceildiv	_u32	LANG-CONSTRAINED:no-generics-one-def-per-element-type
helpers.py	cmod	_i32	LANG-CONSTRAINED:no-generics-one-def-per-element-type
helpers.py	cmod	_u32	LANG-CONSTRAINED:no-generics-one-def-per-element-type
helpers.py	dedup	_str	LANG-CONSTRAINED:no-generics-one-def-per-element-type
helpers.py	dedup	_u32	LANG-CONSTRAINED:no-generics-one-def-per-element-type
helpers.py	flatten	_u32	LANG-CONSTRAINED:no-generics-one-def-per-element-type
helpers.py	floordiv	_i32	LANG-CONSTRAINED:no-generics-one-def-per-element-type
helpers.py	floordiv	_u32	LANG-CONSTRAINED:no-generics-one-def-per-element-type
helpers.py	floormod	_i32	LANG-CONSTRAINED:no-generics-one-def-per-element-type
helpers.py	floormod	_u32	LANG-CONSTRAINED:no-generics-one-def-per-element-type
helpers.py	getenv	_int	LANG-CONSTRAINED:no-generics-one-def-per-element-type
helpers.py	getenv	_str	LANG-CONSTRAINED:no-generics-one-def-per-element-type
helpers.py	make_tuple	_of	LANG-CONSTRAINED:no-overloading-split-by-branch
helpers.py	make_tuple	_rep	LANG-CONSTRAINED:no-overloading-split-by-branch
helpers.py	prod	_nat	LANG-CONSTRAINED:no-generics-one-def-per-element-type
helpers.py	prod	_u32	LANG-CONSTRAINED:no-generics-one-def-per-element-type
helpers.py	round_down	_i32	LANG-CONSTRAINED:no-generics-one-def-per-element-type
helpers.py	round_down	_u32	LANG-CONSTRAINED:no-generics-one-def-per-element-type
helpers.py	round_up	_i32	LANG-CONSTRAINED:no-generics-one-def-per-element-type
helpers.py	round_up	_u32	LANG-CONSTRAINED:no-generics-one-def-per-element-type
helpers.py	to_tuple	_seq	LANG-CONSTRAINED:no-generics-one-def-per-element-type
helpers.py	to_tuple	_u32	LANG-CONSTRAINED:no-generics-one-def-per-element-type
helpers.py	unwrap	_or	OWNER-RULING-NEEDED:unwrap_or-vs-unwrap-helpers.bend-is-do-not-edit
mixin/elementwise.py	remint	ew_	OWNER-RULING-NEEDED:ew_-module-prefix-vs-remint
mixin/elementwise.py	remint	g_promo_	PORT-LOCAL:test-gates-and-a-promo-rule-not-ports-of-remint
mixin/elementwise.py	remint	t_dt_	PORT-LOCAL:test-gates-and-a-promo-rule-not-ports-of-remint
mixin/elementwise.py	remint	t_promo_	PORT-LOCAL:test-gates-and-a-promo-rule-not-ports-of-remint
nn/datasets.py	cifar	_batch	OWNER-RULING-NEEDED:split-per-dataset-split
nn/datasets.py	cifar	_batches	OWNER-RULING-NEEDED:split-per-dataset-split
nn/datasets.py	cifar	_test	OWNER-RULING-NEEDED:split-per-dataset-split
nn/datasets.py	cifar	_test_bytes	OWNER-RULING-NEEDED:split-per-dataset-split
nn/datasets.py	cifar	_train_bytes	OWNER-RULING-NEEDED:split-per-dataset-split
nn/datasets.py	mnist	dst_	OWNER-RULING-NEEDED:split-per-dataset-split
renderer/amd/dsl.py	DPP	16_OFF	OWNER-RULING-NEEDED:dsl-register-slice-offset-suffix-convention
renderer/amd/dsl.py	DPP	VOP2_	COINCIDENCE:VOP2-operand-table-not-a-register-slice
renderer/amd/dsl.py	DPP	_OFF	OWNER-RULING-NEEDED:dsl-register-slice-offset-suffix-convention
renderer/amd/dsl.py	DPP16	_OFF	OWNER-RULING-NEEDED:dsl-register-slice-offset-suffix-convention
renderer/amd/dsl.py	EXEC	Z_OFF	OWNER-RULING-NEEDED:dsl-register-slice-offset-suffix-convention
renderer/amd/dsl.py	EXEC	_HI	OWNER-RULING-NEEDED:dsl-register-slice-offset-suffix-convention
renderer/amd/dsl.py	EXEC	_LO	OWNER-RULING-NEEDED:dsl-register-slice-offset-suffix-convention
renderer/amd/dsl.py	EXEC	_OFF	OWNER-RULING-NEEDED:dsl-register-slice-offset-suffix-convention
renderer/amd/dsl.py	EXEC	_SZ	OWNER-RULING-NEEDED:dsl-register-slice-offset-suffix-convention
renderer/amd/dsl.py	EXECZ	_OFF	OWNER-RULING-NEEDED:dsl-register-slice-offset-suffix-convention
renderer/amd/dsl.py	INV_2PI	_OFF	OWNER-RULING-NEEDED:dsl-register-slice-offset-suffix-convention
renderer/amd/dsl.py	LIT	32_MASK	OWNER-RULING-NEEDED:dsl-register-slice-offset-suffix-convention
renderer/amd/dsl.py	LIT	VOP2_	COINCIDENCE:VOP2-operand-table-not-a-register-slice
renderer/amd/dsl.py	LIT	VOP2_FNO	COINCIDENCE:VOP2-operand-table-not-a-register-slice
renderer/amd/dsl.py	LIT	_MARKER	OWNER-RULING-NEEDED:dsl-register-slice-offset-suffix-convention
renderer/amd/dsl.py	LIT	_OFF	OWNER-RULING-NEEDED:dsl-register-slice-offset-suffix-convention
renderer/amd/dsl.py	M0	ADJ_SADDR_	COINCIDENCE:upstream-two-letter-OFF-affixes-every-*-OFF-constant
renderer/amd/dsl.py	M0	_OFF	OWNER-RULING-NEEDED:dsl-register-slice-offset-suffix-convention
renderer/amd/dsl.py	NULL	ADJ_SADDR_	COINCIDENCE:upstream-two-letter-OFF-affixes-every-*-OFF-constant
renderer/amd/dsl.py	NULL	_OFF	OWNER-RULING-NEEDED:dsl-register-slice-offset-suffix-convention
renderer/amd/dsl.py	OFF	DFLT_	COINCIDENCE:upstream-two-letter-OFF-affixes-every-*-OFF-constant
renderer/amd/dsl.py	OFF	DPP16_	COINCIDENCE:upstream-two-letter-OFF-affixes-every-*-OFF-constant
renderer/amd/dsl.py	OFF	DPP_	COINCIDENCE:upstream-two-letter-OFF-affixes-every-*-OFF-constant
renderer/amd/dsl.py	OFF	EXECZ_	COINCIDENCE:upstream-two-letter-OFF-affixes-every-*-OFF-constant
renderer/amd/dsl.py	OFF	EXEC_	COINCIDENCE:upstream-two-letter-OFF-affixes-every-*-OFF-constant
renderer/amd/dsl.py	OFF	F0_5_	COINCIDENCE:upstream-two-letter-OFF-affixes-every-*-OFF-constant
renderer/amd/dsl.py	OFF	F1_0_	COINCIDENCE:upstream-two-letter-OFF-affixes-every-*-OFF-constant
renderer/amd/dsl.py	OFF	F2_0_	COINCIDENCE:upstream-two-letter-OFF-affixes-every-*-OFF-constant
renderer/amd/dsl.py	OFF	F4_0_	COINCIDENCE:upstream-two-letter-OFF-affixes-every-*-OFF-constant
renderer/amd/dsl.py	OFF	F_NEG_0_5_	COINCIDENCE:upstream-two-letter-OFF-affixes-every-*-OFF-constant
renderer/amd/dsl.py	OFF	F_NEG_1_0_	COINCIDENCE:upstream-two-letter-OFF-affixes-every-*-OFF-constant
renderer/amd/dsl.py	OFF	F_NEG_2_0_	COINCIDENCE:upstream-two-letter-OFF-affixes-every-*-OFF-constant
renderer/amd/dsl.py	OFF	F_NEG_4_0_	COINCIDENCE:upstream-two-letter-OFF-affixes-every-*-OFF-constant
renderer/amd/dsl.py	OFF	F_N_	COINCIDENCE:upstream-two-letter-OFF-affixes-every-*-OFF-constant
renderer/amd/dsl.py	OFF	INV_2PI_	COINCIDENCE:upstream-two-letter-OFF-affixes-every-*-OFF-constant
renderer/amd/dsl.py	OFF	LIT_	COINCIDENCE:upstream-two-letter-OFF-affixes-every-*-OFF-constant
renderer/amd/dsl.py	OFF	M0_	COINCIDENCE:upstream-two-letter-OFF-affixes-every-*-OFF-constant
renderer/amd/dsl.py	OFF	NULL_	COINCIDENCE:upstream-two-letter-OFF-affixes-every-*-OFF-constant
renderer/amd/dsl.py	OFF	OFF_	COINCIDENCE:upstream-two-letter-OFF-affixes-every-*-OFF-constant
renderer/amd/dsl.py	OFF	SCC_	COINCIDENCE:upstream-two-letter-OFF-affixes-every-*-OFF-constant
renderer/amd/dsl.py	OFF	SDWA_	COINCIDENCE:upstream-two-letter-OFF-affixes-every-*-OFF-constant
renderer/amd/dsl.py	OFF	SRC_LDS_DIRECT_	COINCIDENCE:upstream-two-letter-OFF-affixes-every-*-OFF-constant
renderer/amd/dsl.py	OFF	VCCZ_	COINCIDENCE:upstream-two-letter-OFF-affixes-every-*-OFF-constant
renderer/amd/dsl.py	OFF	VCC_	COINCIDENCE:upstream-two-letter-OFF-affixes-every-*-OFF-constant
renderer/amd/dsl.py	OFF	VS_DPP16_	COINCIDENCE:upstream-two-letter-OFF-affixes-every-*-OFF-constant
renderer/amd/dsl.py	OFF	VS_DPP8_	COINCIDENCE:upstream-two-letter-OFF-affixes-every-*-OFF-constant
renderer/amd/dsl.py	OFF	VS_LIT_	COINCIDENCE:upstream-two-letter-OFF-affixes-every-*-OFF-constant
renderer/amd/dsl.py	OFF	VS_SDWA_	COINCIDENCE:upstream-two-letter-OFF-affixes-every-*-OFF-constant
renderer/amd/dsl.py	SCC	_OFF	OWNER-RULING-NEEDED:dsl-register-slice-offset-suffix-convention
renderer/amd/dsl.py	SDWA	VOP2_	COINCIDENCE:VOP2-operand-table-not-a-register-slice
renderer/amd/dsl.py	SDWA	_OFF	OWNER-RULING-NEEDED:dsl-register-slice-offset-suffix-convention
renderer/amd/dsl.py	SRC_LDS_DIRECT	_OFF	OWNER-RULING-NEEDED:dsl-register-slice-offset-suffix-convention
renderer/amd/dsl.py	VCC	Z_OFF	OWNER-RULING-NEEDED:dsl-register-slice-offset-suffix-convention
renderer/amd/dsl.py	VCC	_HI	OWNER-RULING-NEEDED:dsl-register-slice-offset-suffix-convention
renderer/amd/dsl.py	VCC	_LO	OWNER-RULING-NEEDED:dsl-register-slice-offset-suffix-convention
renderer/amd/dsl.py	VCC	_OFF	OWNER-RULING-NEEDED:dsl-register-slice-offset-suffix-convention
renderer/amd/dsl.py	VCC	_SZ	OWNER-RULING-NEEDED:dsl-register-slice-offset-suffix-convention
renderer/amd/dsl.py	VCCZ	_OFF	OWNER-RULING-NEEDED:dsl-register-slice-offset-suffix-convention
renderer/amd/dsl.py	ttmp	_off	OWNER-RULING-NEEDED:dsl-register-slice-offset-suffix-convention
renderer/amd/sqtt.py	ALUEXEC	cls_	LANG-CONSTRAINED:sqtt-PacketType-metaclass-fanout
renderer/amd/sqtt.py	ALUEXEC	dflt_	LANG-CONSTRAINED:sqtt-PacketType-metaclass-fanout
renderer/amd/sqtt.py	ALUEXEC	dlo_	LANG-CONSTRAINED:sqtt-PacketType-metaclass-fanout
renderer/amd/sqtt.py	ALUEXEC	dmask_	LANG-CONSTRAINED:sqtt-PacketType-metaclass-fanout
renderer/amd/sqtt.py	ALUEXEC	dmask_over_	LANG-CONSTRAINED:sqtt-PacketType-metaclass-fanout
renderer/amd/sqtt.py	ALUEXEC	field_order_	LANG-CONSTRAINED:sqtt-PacketType-metaclass-fanout
renderer/amd/sqtt.py	ALUEXEC	fields_	LANG-CONSTRAINED:sqtt-PacketType-metaclass-fanout
renderer/amd/sqtt.py	ALUEXEC	hasdelta_	LANG-CONSTRAINED:sqtt-PacketType-metaclass-fanout
renderer/amd/sqtt.py	ALUEXEC	himax_	LANG-CONSTRAINED:sqtt-PacketType-metaclass-fanout
renderer/amd/sqtt.py	ALUEXEC	mask_	LANG-CONSTRAINED:sqtt-PacketType-metaclass-fanout
renderer/amd/sqtt.py	CDNA_EVENT	cls_	LANG-CONSTRAINED:sqtt-PacketType-metaclass-fanout
renderer/amd/sqtt.py	CDNA_EVENT	dflt_	LANG-CONSTRAINED:sqtt-PacketType-metaclass-fanout
renderer/amd/sqtt.py	CDNA_EVENT	field_order_	LANG-CONSTRAINED:sqtt-PacketType-metaclass-fanout
renderer/amd/sqtt.py	CDNA_EVENT	fields_	LANG-CONSTRAINED:sqtt-PacketType-metaclass-fanout
renderer/amd/sqtt.py	CDNA_EVENT	hasdelta_	LANG-CONSTRAINED:sqtt-PacketType-metaclass-fanout
renderer/amd/sqtt.py	CDNA_EVENT	himax_	LANG-CONSTRAINED:sqtt-PacketType-metaclass-fanout
renderer/amd/sqtt.py	CDNA_EVENT	mask_	LANG-CONSTRAINED:sqtt-PacketType-metaclass-fanout
renderer/amd/sqtt.py	CDNA_EVENT_CS	cls_	LANG-CONSTRAINED:sqtt-PacketType-metaclass-fanout
renderer/amd/sqtt.py	CDNA_EVENT_CS	dflt_	LANG-CONSTRAINED:sqtt-PacketType-metaclass-fanout
renderer/amd/sqtt.py	CDNA_EVENT_CS	field_order_	LANG-CONSTRAINED:sqtt-PacketType-metaclass-fanout
renderer/amd/sqtt.py	CDNA_EVENT_CS	fields_	LANG-CONSTRAINED:sqtt-PacketType-metaclass-fanout
renderer/amd/sqtt.py	CDNA_EVENT_CS	hasdelta_	LANG-CONSTRAINED:sqtt-PacketType-metaclass-fanout
renderer/amd/sqtt.py	CDNA_EVENT_CS	himax_	LANG-CONSTRAINED:sqtt-PacketType-metaclass-fanout
renderer/amd/sqtt.py	CDNA_EVENT_CS	mask_	LANG-CONSTRAINED:sqtt-PacketType-metaclass-fanout
renderer/amd/sqtt.py	CDNA_EVENT_GFX1	cls_	LANG-CONSTRAINED:sqtt-PacketType-metaclass-fanout
renderer/amd/sqtt.py	CDNA_EVENT_GFX1	dflt_	LANG-CONSTRAINED:sqtt-PacketType-metaclass-fanout
renderer/amd/sqtt.py	CDNA_EVENT_GFX1	field_order_	LANG-CONSTRAINED:sqtt-PacketType-metaclass-fanout
renderer/amd/sqtt.py	CDNA_EVENT_GFX1	fields_	LANG-CONSTRAINED:sqtt-PacketType-metaclass-fanout
renderer/amd/sqtt.py	CDNA_EVENT_GFX1	hasdelta_	LANG-CONSTRAINED:sqtt-PacketType-metaclass-fanout
renderer/amd/sqtt.py	CDNA_EVENT_GFX1	himax_	LANG-CONSTRAINED:sqtt-PacketType-metaclass-fanout
renderer/amd/sqtt.py	CDNA_EVENT_GFX1	mask_	LANG-CONSTRAINED:sqtt-PacketType-metaclass-fanout
renderer/amd/sqtt.py	CDNA_INST	cls_	LANG-CONSTRAINED:sqtt-PacketType-metaclass-fanout
renderer/amd/sqtt.py	CDNA_INST	dflt_	LANG-CONSTRAINED:sqtt-PacketType-metaclass-fanout
renderer/amd/sqtt.py	CDNA_INST	field_order_	LANG-CONSTRAINED:sqtt-PacketType-metaclass-fanout
renderer/amd/sqtt.py	CDNA_INST	fields_	LANG-CONSTRAINED:sqtt-PacketType-metaclass-fanout
renderer/amd/sqtt.py	CDNA_INST	hasdelta_	LANG-CONSTRAINED:sqtt-PacketType-metaclass-fanout
renderer/amd/sqtt.py	CDNA_INST	himax_	LANG-CONSTRAINED:sqtt-PacketType-metaclass-fanout
renderer/amd/sqtt.py	CDNA_INST	mask_	LANG-CONSTRAINED:sqtt-PacketType-metaclass-fanout
renderer/amd/sqtt.py	CDNA_INST_PC	cls_	LANG-CONSTRAINED:sqtt-PacketType-metaclass-fanout
renderer/amd/sqtt.py	CDNA_INST_PC	dflt_	LANG-CONSTRAINED:sqtt-PacketType-metaclass-fanout
renderer/amd/sqtt.py	CDNA_INST_PC	field_order_	LANG-CONSTRAINED:sqtt-PacketType-metaclass-fanout
renderer/amd/sqtt.py	CDNA_INST_PC	fields_	LANG-CONSTRAINED:sqtt-PacketType-metaclass-fanout
renderer/amd/sqtt.py	CDNA_INST_PC	hasdelta_	LANG-CONSTRAINED:sqtt-PacketType-metaclass-fanout
renderer/amd/sqtt.py	CDNA_INST_PC	himax_	LANG-CONSTRAINED:sqtt-PacketType-metaclass-fanout
renderer/amd/sqtt.py	CDNA_INST_PC	mask_	LANG-CONSTRAINED:sqtt-PacketType-metaclass-fanout
renderer/amd/sqtt.py	CDNA_ISSUE	cls_	LANG-CONSTRAINED:sqtt-PacketType-metaclass-fanout
renderer/amd/sqtt.py	CDNA_ISSUE	dflt_	LANG-CONSTRAINED:sqtt-PacketType-metaclass-fanout
renderer/amd/sqtt.py	CDNA_ISSUE	field_order_	LANG-CONSTRAINED:sqtt-PacketType-metaclass-fanout
renderer/amd/sqtt.py	CDNA_ISSUE	fields_	LANG-CONSTRAINED:sqtt-PacketType-metaclass-fanout
renderer/amd/sqtt.py	CDNA_ISSUE	hasdelta_	LANG-CONSTRAINED:sqtt-PacketType-metaclass-fanout
renderer/amd/sqtt.py	CDNA_ISSUE	himax_	LANG-CONSTRAINED:sqtt-PacketType-metaclass-fanout
renderer/amd/sqtt.py	CDNA_ISSUE	mask_	LANG-CONSTRAINED:sqtt-PacketType-metaclass-fanout
renderer/amd/sqtt.py	CDNA_MISC	cls_	LANG-CONSTRAINED:sqtt-PacketType-metaclass-fanout
renderer/amd/sqtt.py	CDNA_MISC	dflt_	LANG-CONSTRAINED:sqtt-PacketType-metaclass-fanout
renderer/amd/sqtt.py	CDNA_MISC	dlo_	LANG-CONSTRAINED:sqtt-PacketType-metaclass-fanout
renderer/amd/sqtt.py	CDNA_MISC	dmask_	LANG-CONSTRAINED:sqtt-PacketType-metaclass-fanout
renderer/amd/sqtt.py	CDNA_MISC	dmask_over_	LANG-CONSTRAINED:sqtt-PacketType-metaclass-fanout
renderer/amd/sqtt.py	CDNA_MISC	field_order_	LANG-CONSTRAINED:sqtt-PacketType-metaclass-fanout
renderer/amd/sqtt.py	CDNA_MISC	fields_	LANG-CONSTRAINED:sqtt-PacketType-metaclass-fanout
renderer/amd/sqtt.py	CDNA_MISC	hasdelta_	LANG-CONSTRAINED:sqtt-PacketType-metaclass-fanout
renderer/amd/sqtt.py	CDNA_MISC	himax_	LANG-CONSTRAINED:sqtt-PacketType-metaclass-fanout
renderer/amd/sqtt.py	CDNA_MISC	mask_	LANG-CONSTRAINED:sqtt-PacketType-metaclass-fanout
renderer/amd/sqtt.py	CDNA_PERF	cls_	LANG-CONSTRAINED:sqtt-PacketType-metaclass-fanout
renderer/amd/sqtt.py	CDNA_PERF	dflt_	LANG-CONSTRAINED:sqtt-PacketType-metaclass-fanout
renderer/amd/sqtt.py	CDNA_PERF	field_order_	LANG-CONSTRAINED:sqtt-PacketType-metaclass-fanout
renderer/amd/sqtt.py	CDNA_PERF	fields_	LANG-CONSTRAINED:sqtt-PacketType-metaclass-fanout
renderer/amd/sqtt.py	CDNA_PERF	hasdelta_	LANG-CONSTRAINED:sqtt-PacketType-metaclass-fanout
renderer/amd/sqtt.py	CDNA_PERF	himax_	LANG-CONSTRAINED:sqtt-PacketType-metaclass-fanout
renderer/amd/sqtt.py	CDNA_PERF	mask_	LANG-CONSTRAINED:sqtt-PacketType-metaclass-fanout
renderer/amd/sqtt.py	CDNA_REG	cls_	LANG-CONSTRAINED:sqtt-PacketType-metaclass-fanout
renderer/amd/sqtt.py	CDNA_REG	dflt_	LANG-CONSTRAINED:sqtt-PacketType-metaclass-fanout
renderer/amd/sqtt.py	CDNA_REG	field_order_	LANG-CONSTRAINED:sqtt-PacketType-metaclass-fanout
renderer/amd/sqtt.py	CDNA_REG	fields_	LANG-CONSTRAINED:sqtt-PacketType-metaclass-fanout
renderer/amd/sqtt.py	CDNA_REG	hasdelta_	LANG-CONSTRAINED:sqtt-PacketType-metaclass-fanout
renderer/amd/sqtt.py	CDNA_REG	himax_	LANG-CONSTRAINED:sqtt-PacketType-metaclass-fanout
renderer/amd/sqtt.py	CDNA_REG	mask_	LANG-CONSTRAINED:sqtt-PacketType-metaclass-fanout
renderer/amd/sqtt.py	CDNA_REG_CS	cls_	LANG-CONSTRAINED:sqtt-PacketType-metaclass-fanout
renderer/amd/sqtt.py	CDNA_REG_CS	dflt_	LANG-CONSTRAINED:sqtt-PacketType-metaclass-fanout
renderer/amd/sqtt.py	CDNA_REG_CS	field_order_	LANG-CONSTRAINED:sqtt-PacketType-metaclass-fanout
renderer/amd/sqtt.py	CDNA_REG_CS	fields_	LANG-CONSTRAINED:sqtt-PacketType-metaclass-fanout
renderer/amd/sqtt.py	CDNA_REG_CS	hasdelta_	LANG-CONSTRAINED:sqtt-PacketType-metaclass-fanout
renderer/amd/sqtt.py	CDNA_REG_CS	himax_	LANG-CONSTRAINED:sqtt-PacketType-metaclass-fanout
renderer/amd/sqtt.py	CDNA_REG_CS	mask_	LANG-CONSTRAINED:sqtt-PacketType-metaclass-fanout
renderer/amd/sqtt.py	CDNA_REG_CS_PRIV	cls_	LANG-CONSTRAINED:sqtt-PacketType-metaclass-fanout
renderer/amd/sqtt.py	CDNA_REG_CS_PRIV	dflt_	LANG-CONSTRAINED:sqtt-PacketType-metaclass-fanout
renderer/amd/sqtt.py	CDNA_REG_CS_PRIV	field_order_	LANG-CONSTRAINED:sqtt-PacketType-metaclass-fanout
renderer/amd/sqtt.py	CDNA_REG_CS_PRIV	fields_	LANG-CONSTRAINED:sqtt-PacketType-metaclass-fanout
renderer/amd/sqtt.py	CDNA_REG_CS_PRIV	hasdelta_	LANG-CONSTRAINED:sqtt-PacketType-metaclass-fanout
renderer/amd/sqtt.py	CDNA_REG_CS_PRIV	himax_	LANG-CONSTRAINED:sqtt-PacketType-metaclass-fanout
renderer/amd/sqtt.py	CDNA_REG_CS_PRIV	mask_	LANG-CONSTRAINED:sqtt-PacketType-metaclass-fanout
renderer/amd/sqtt.py	CDNA_TIMESTAMP	cls_	LANG-CONSTRAINED:sqtt-PacketType-metaclass-fanout
renderer/amd/sqtt.py	CDNA_TIMESTAMP	dflt_	LANG-CONSTRAINED:sqtt-PacketType-metaclass-fanout
renderer/amd/sqtt.py	CDNA_TIMESTAMP	field_order_	LANG-CONSTRAINED:sqtt-PacketType-metaclass-fanout
renderer/amd/sqtt.py	CDNA_TIMESTAMP	fields_	LANG-CONSTRAINED:sqtt-PacketType-metaclass-fanout
renderer/amd/sqtt.py	CDNA_TIMESTAMP	hasdelta_	LANG-CONSTRAINED:sqtt-PacketType-metaclass-fanout
renderer/amd/sqtt.py	CDNA_TIMESTAMP	himax_	LANG-CONSTRAINED:sqtt-PacketType-metaclass-fanout
renderer/amd/sqtt.py	CDNA_TIMESTAMP	mask_	LANG-CONSTRAINED:sqtt-PacketType-metaclass-fanout
renderer/amd/sqtt.py	CDNA_USERDATA	cls_	LANG-CONSTRAINED:sqtt-PacketType-metaclass-fanout
renderer/amd/sqtt.py	CDNA_USERDATA	dflt_	LANG-CONSTRAINED:sqtt-PacketType-metaclass-fanout
renderer/amd/sqtt.py	CDNA_USERDATA	field_order_	LANG-CONSTRAINED:sqtt-PacketType-metaclass-fanout
renderer/amd/sqtt.py	CDNA_USERDATA	fields_	LANG-CONSTRAINED:sqtt-PacketType-metaclass-fanout
renderer/amd/sqtt.py	CDNA_USERDATA	hasdelta_	LANG-CONSTRAINED:sqtt-PacketType-metaclass-fanout
renderer/amd/sqtt.py	CDNA_USERDATA	himax_	LANG-CONSTRAINED:sqtt-PacketType-metaclass-fanout
renderer/amd/sqtt.py	CDNA_USERDATA	mask_	LANG-CONSTRAINED:sqtt-PacketType-metaclass-fanout
renderer/amd/sqtt.py	CDNA_WAVEALLOC	cls_	LANG-CONSTRAINED:sqtt-PacketType-metaclass-fanout
renderer/amd/sqtt.py	CDNA_WAVEALLOC	dflt_	LANG-CONSTRAINED:sqtt-PacketType-metaclass-fanout
renderer/amd/sqtt.py	CDNA_WAVEALLOC	field_order_	LANG-CONSTRAINED:sqtt-PacketType-metaclass-fanout
renderer/amd/sqtt.py	CDNA_WAVEALLOC	fields_	LANG-CONSTRAINED:sqtt-PacketType-metaclass-fanout
renderer/amd/sqtt.py	CDNA_WAVEALLOC	hasdelta_	LANG-CONSTRAINED:sqtt-PacketType-metaclass-fanout
renderer/amd/sqtt.py	CDNA_WAVEALLOC	himax_	LANG-CONSTRAINED:sqtt-PacketType-metaclass-fanout
renderer/amd/sqtt.py	CDNA_WAVEALLOC	mask_	LANG-CONSTRAINED:sqtt-PacketType-metaclass-fanout
renderer/amd/sqtt.py	CDNA_WAVEEND	cls_	LANG-CONSTRAINED:sqtt-PacketType-metaclass-fanout
renderer/amd/sqtt.py	CDNA_WAVEEND	dflt_	LANG-CONSTRAINED:sqtt-PacketType-metaclass-fanout
renderer/amd/sqtt.py	CDNA_WAVEEND	field_order_	LANG-CONSTRAINED:sqtt-PacketType-metaclass-fanout
renderer/amd/sqtt.py	CDNA_WAVEEND	fields_	LANG-CONSTRAINED:sqtt-PacketType-metaclass-fanout
renderer/amd/sqtt.py	CDNA_WAVEEND	hasdelta_	LANG-CONSTRAINED:sqtt-PacketType-metaclass-fanout
renderer/amd/sqtt.py	CDNA_WAVEEND	himax_	LANG-CONSTRAINED:sqtt-PacketType-metaclass-fanout
renderer/amd/sqtt.py	CDNA_WAVEEND	mask_	LANG-CONSTRAINED:sqtt-PacketType-metaclass-fanout
renderer/amd/sqtt.py	CDNA_WAVESTART	cls_	LANG-CONSTRAINED:sqtt-PacketType-metaclass-fanout
renderer/amd/sqtt.py	CDNA_WAVESTART	dflt_	LANG-CONSTRAINED:sqtt-PacketType-metaclass-fanout
renderer/amd/sqtt.py	CDNA_WAVESTART	field_order_	LANG-CONSTRAINED:sqtt-PacketType-metaclass-fanout
renderer/amd/sqtt.py	CDNA_WAVESTART	fields_	LANG-CONSTRAINED:sqtt-PacketType-metaclass-fanout
renderer/amd/sqtt.py	CDNA_WAVESTART	hasdelta_	LANG-CONSTRAINED:sqtt-PacketType-metaclass-fanout
renderer/amd/sqtt.py	CDNA_WAVESTART	himax_	LANG-CONSTRAINED:sqtt-PacketType-metaclass-fanout
renderer/amd/sqtt.py	CDNA_WAVESTART	mask_	LANG-CONSTRAINED:sqtt-PacketType-metaclass-fanout
renderer/amd/sqtt.py	EVENT	cls_	LANG-CONSTRAINED:sqtt-PacketType-metaclass-fanout
renderer/amd/sqtt.py	EVENT	cls_CDNA_	LANG-CONSTRAINED:sqtt-PacketType-metaclass-fanout
renderer/amd/sqtt.py	EVENT	dflt_	LANG-CONSTRAINED:sqtt-PacketType-metaclass-fanout
renderer/amd/sqtt.py	EVENT	dflt_CDNA_	LANG-CONSTRAINED:sqtt-PacketType-metaclass-fanout
renderer/amd/sqtt.py	EVENT	dlo_	LANG-CONSTRAINED:sqtt-PacketType-metaclass-fanout
renderer/amd/sqtt.py	EVENT	dmask_	LANG-CONSTRAINED:sqtt-PacketType-metaclass-fanout
renderer/amd/sqtt.py	EVENT	dmask_over_	LANG-CONSTRAINED:sqtt-PacketType-metaclass-fanout
renderer/amd/sqtt.py	EVENT	field_order_	LANG-CONSTRAINED:sqtt-PacketType-metaclass-fanout
renderer/amd/sqtt.py	EVENT	field_order_CDNA_	LANG-CONSTRAINED:sqtt-PacketType-metaclass-fanout
renderer/amd/sqtt.py	EVENT	fields_	LANG-CONSTRAINED:sqtt-PacketType-metaclass-fanout
renderer/amd/sqtt.py	EVENT	fields_CDNA_	LANG-CONSTRAINED:sqtt-PacketType-metaclass-fanout
renderer/amd/sqtt.py	EVENT	hasdelta_	LANG-CONSTRAINED:sqtt-PacketType-metaclass-fanout
renderer/amd/sqtt.py	EVENT	hasdelta_CDNA_	LANG-CONSTRAINED:sqtt-PacketType-metaclass-fanout
renderer/amd/sqtt.py	EVENT	himax_	LANG-CONSTRAINED:sqtt-PacketType-metaclass-fanout
renderer/amd/sqtt.py	EVENT	himax_CDNA_	LANG-CONSTRAINED:sqtt-PacketType-metaclass-fanout
renderer/amd/sqtt.py	EVENT	mask_	LANG-CONSTRAINED:sqtt-PacketType-metaclass-fanout
renderer/amd/sqtt.py	EVENT	mask_CDNA_	LANG-CONSTRAINED:sqtt-PacketType-metaclass-fanout
renderer/amd/sqtt.py	EVENT_BIG	cls_	LANG-CONSTRAINED:sqtt-PacketType-metaclass-fanout
renderer/amd/sqtt.py	EVENT_BIG	dflt_	LANG-CONSTRAINED:sqtt-PacketType-metaclass-fanout
renderer/amd/sqtt.py	EVENT_BIG	dlo_	LANG-CONSTRAINED:sqtt-PacketType-metaclass-fanout
renderer/amd/sqtt.py	EVENT_BIG	dmask_	LANG-CONSTRAINED:sqtt-PacketType-metaclass-fanout
renderer/amd/sqtt.py	EVENT_BIG	dmask_over_	LANG-CONSTRAINED:sqtt-PacketType-metaclass-fanout
renderer/amd/sqtt.py	EVENT_BIG	field_order_	LANG-CONSTRAINED:sqtt-PacketType-metaclass-fanout
renderer/amd/sqtt.py	EVENT_BIG	fields_	LANG-CONSTRAINED:sqtt-PacketType-metaclass-fanout
renderer/amd/sqtt.py	EVENT_BIG	hasdelta_	LANG-CONSTRAINED:sqtt-PacketType-metaclass-fanout
renderer/amd/sqtt.py	EVENT_BIG	himax_	LANG-CONSTRAINED:sqtt-PacketType-metaclass-fanout
renderer/amd/sqtt.py	EVENT_BIG	mask_	LANG-CONSTRAINED:sqtt-PacketType-metaclass-fanout
renderer/amd/sqtt.py	IMMEDIATE	cls_	LANG-CONSTRAINED:sqtt-PacketType-metaclass-fanout
renderer/amd/sqtt.py	IMMEDIATE	dflt_	LANG-CONSTRAINED:sqtt-PacketType-metaclass-fanout
renderer/amd/sqtt.py	IMMEDIATE	dlo_	LANG-CONSTRAINED:sqtt-PacketType-metaclass-fanout
renderer/amd/sqtt.py	IMMEDIATE	dmask_	LANG-CONSTRAINED:sqtt-PacketType-metaclass-fanout
renderer/amd/sqtt.py	IMMEDIATE	dmask_over_	LANG-CONSTRAINED:sqtt-PacketType-metaclass-fanout
renderer/amd/sqtt.py	IMMEDIATE	field_order_	LANG-CONSTRAINED:sqtt-PacketType-metaclass-fanout
renderer/amd/sqtt.py	IMMEDIATE	fields_	LANG-CONSTRAINED:sqtt-PacketType-metaclass-fanout
renderer/amd/sqtt.py	IMMEDIATE	hasdelta_	LANG-CONSTRAINED:sqtt-PacketType-metaclass-fanout
renderer/amd/sqtt.py	IMMEDIATE	himax_	LANG-CONSTRAINED:sqtt-PacketType-metaclass-fanout
renderer/amd/sqtt.py	IMMEDIATE	mask_	LANG-CONSTRAINED:sqtt-PacketType-metaclass-fanout
renderer/amd/sqtt.py	IMMEDIATE_MASK	cls_	LANG-CONSTRAINED:sqtt-PacketType-metaclass-fanout
renderer/amd/sqtt.py	IMMEDIATE_MASK	dflt_	LANG-CONSTRAINED:sqtt-PacketType-metaclass-fanout
renderer/amd/sqtt.py	IMMEDIATE_MASK	dlo_	LANG-CONSTRAINED:sqtt-PacketType-metaclass-fanout
renderer/amd/sqtt.py	IMMEDIATE_MASK	dmask_	LANG-CONSTRAINED:sqtt-PacketType-metaclass-fanout
renderer/amd/sqtt.py	IMMEDIATE_MASK	dmask_over_	LANG-CONSTRAINED:sqtt-PacketType-metaclass-fanout
renderer/amd/sqtt.py	IMMEDIATE_MASK	field_order_	LANG-CONSTRAINED:sqtt-PacketType-metaclass-fanout
renderer/amd/sqtt.py	IMMEDIATE_MASK	fields_	LANG-CONSTRAINED:sqtt-PacketType-metaclass-fanout
renderer/amd/sqtt.py	IMMEDIATE_MASK	hasdelta_	LANG-CONSTRAINED:sqtt-PacketType-metaclass-fanout
renderer/amd/sqtt.py	IMMEDIATE_MASK	himax_	LANG-CONSTRAINED:sqtt-PacketType-metaclass-fanout
renderer/amd/sqtt.py	IMMEDIATE_MASK	mask_	LANG-CONSTRAINED:sqtt-PacketType-metaclass-fanout
renderer/amd/sqtt.py	INST	cls_	LANG-CONSTRAINED:sqtt-PacketType-metaclass-fanout
renderer/amd/sqtt.py	INST	cls_CDNA_	LANG-CONSTRAINED:sqtt-PacketType-metaclass-fanout
renderer/amd/sqtt.py	INST	cls_VALU	LANG-CONSTRAINED:sqtt-PacketType-metaclass-fanout
renderer/amd/sqtt.py	INST	dflt_	LANG-CONSTRAINED:sqtt-PacketType-metaclass-fanout
renderer/amd/sqtt.py	INST	dflt_CDNA_	LANG-CONSTRAINED:sqtt-PacketType-metaclass-fanout
renderer/amd/sqtt.py	INST	dflt_VALU	LANG-CONSTRAINED:sqtt-PacketType-metaclass-fanout
renderer/amd/sqtt.py	INST	dlo_	LANG-CONSTRAINED:sqtt-PacketType-metaclass-fanout
renderer/amd/sqtt.py	INST	dlo_VALU	LANG-CONSTRAINED:sqtt-PacketType-metaclass-fanout
renderer/amd/sqtt.py	INST	dmask_	LANG-CONSTRAINED:sqtt-PacketType-metaclass-fanout
renderer/amd/sqtt.py	INST	dmask_VALU	LANG-CONSTRAINED:sqtt-PacketType-metaclass-fanout
renderer/amd/sqtt.py	INST	dmask_over_	LANG-CONSTRAINED:sqtt-PacketType-metaclass-fanout
renderer/amd/sqtt.py	INST	dmask_over_VALU	LANG-CONSTRAINED:sqtt-PacketType-metaclass-fanout
renderer/amd/sqtt.py	INST	field_order_	LANG-CONSTRAINED:sqtt-PacketType-metaclass-fanout
renderer/amd/sqtt.py	INST	field_order_CDNA_	LANG-CONSTRAINED:sqtt-PacketType-metaclass-fanout
renderer/amd/sqtt.py	INST	field_order_VALU	LANG-CONSTRAINED:sqtt-PacketType-metaclass-fanout
renderer/amd/sqtt.py	INST	fields_	LANG-CONSTRAINED:sqtt-PacketType-metaclass-fanout
renderer/amd/sqtt.py	INST	fields_CDNA_	LANG-CONSTRAINED:sqtt-PacketType-metaclass-fanout
renderer/amd/sqtt.py	INST	fields_VALU	LANG-CONSTRAINED:sqtt-PacketType-metaclass-fanout
renderer/amd/sqtt.py	INST	hasdelta_	LANG-CONSTRAINED:sqtt-PacketType-metaclass-fanout
renderer/amd/sqtt.py	INST	hasdelta_CDNA_	LANG-CONSTRAINED:sqtt-PacketType-metaclass-fanout
renderer/amd/sqtt.py	INST	hasdelta_VALU	LANG-CONSTRAINED:sqtt-PacketType-metaclass-fanout
renderer/amd/sqtt.py	INST	himax_	LANG-CONSTRAINED:sqtt-PacketType-metaclass-fanout
renderer/amd/sqtt.py	INST	himax_CDNA_	LANG-CONSTRAINED:sqtt-PacketType-metaclass-fanout
renderer/amd/sqtt.py	INST	himax_VALU	LANG-CONSTRAINED:sqtt-PacketType-metaclass-fanout
renderer/amd/sqtt.py	INST	mask_	LANG-CONSTRAINED:sqtt-PacketType-metaclass-fanout
renderer/amd/sqtt.py	INST	mask_CDNA_	LANG-CONSTRAINED:sqtt-PacketType-metaclass-fanout
renderer/amd/sqtt.py	INST	mask_VALU	LANG-CONSTRAINED:sqtt-PacketType-metaclass-fanout
renderer/amd/sqtt.py	INST_RDNA4	cls_	LANG-CONSTRAINED:sqtt-PacketType-metaclass-fanout
renderer/amd/sqtt.py	INST_RDNA4	dflt_	LANG-CONSTRAINED:sqtt-PacketType-metaclass-fanout
renderer/amd/sqtt.py	INST_RDNA4	dlo_	LANG-CONSTRAINED:sqtt-PacketType-metaclass-fanout
renderer/amd/sqtt.py	INST_RDNA4	dmask_	LANG-CONSTRAINED:sqtt-PacketType-metaclass-fanout
renderer/amd/sqtt.py	INST_RDNA4	dmask_over_	LANG-CONSTRAINED:sqtt-PacketType-metaclass-fanout
renderer/amd/sqtt.py	INST_RDNA4	field_order_	LANG-CONSTRAINED:sqtt-PacketType-metaclass-fanout
renderer/amd/sqtt.py	INST_RDNA4	fields_	LANG-CONSTRAINED:sqtt-PacketType-metaclass-fanout
renderer/amd/sqtt.py	INST_RDNA4	hasdelta_	LANG-CONSTRAINED:sqtt-PacketType-metaclass-fanout
renderer/amd/sqtt.py	INST_RDNA4	himax_	LANG-CONSTRAINED:sqtt-PacketType-metaclass-fanout
renderer/amd/sqtt.py	INST_RDNA4	mask_	LANG-CONSTRAINED:sqtt-PacketType-metaclass-fanout
renderer/amd/sqtt.py	LAYOUT_HEADER	cls_	LANG-CONSTRAINED:sqtt-PacketType-metaclass-fanout
renderer/amd/sqtt.py	LAYOUT_HEADER	dflt_	LANG-CONSTRAINED:sqtt-PacketType-metaclass-fanout
renderer/amd/sqtt.py	LAYOUT_HEADER	field_order_	LANG-CONSTRAINED:sqtt-PacketType-metaclass-fanout
renderer/amd/sqtt.py	LAYOUT_HEADER	fields_	LANG-CONSTRAINED:sqtt-PacketType-metaclass-fanout
renderer/amd/sqtt.py	LAYOUT_HEADER	hasdelta_	LANG-CONSTRAINED:sqtt-PacketType-metaclass-fanout
renderer/amd/sqtt.py	LAYOUT_HEADER	himax_	LANG-CONSTRAINED:sqtt-PacketType-metaclass-fanout
renderer/amd/sqtt.py	LAYOUT_HEADER	mask_	LANG-CONSTRAINED:sqtt-PacketType-metaclass-fanout
renderer/amd/sqtt.py	NOP	cls_	LANG-CONSTRAINED:sqtt-PacketType-metaclass-fanout
renderer/amd/sqtt.py	NOP	dflt_	LANG-CONSTRAINED:sqtt-PacketType-metaclass-fanout
renderer/amd/sqtt.py	NOP	field_order_	LANG-CONSTRAINED:sqtt-PacketType-metaclass-fanout
renderer/amd/sqtt.py	NOP	fields_	LANG-CONSTRAINED:sqtt-PacketType-metaclass-fanout
renderer/amd/sqtt.py	NOP	hasdelta_	LANG-CONSTRAINED:sqtt-PacketType-metaclass-fanout
renderer/amd/sqtt.py	NOP	himax_	LANG-CONSTRAINED:sqtt-PacketType-metaclass-fanout
renderer/amd/sqtt.py	NOP	mask_	LANG-CONSTRAINED:sqtt-PacketType-metaclass-fanout
renderer/amd/sqtt.py	PERF	cls_	LANG-CONSTRAINED:sqtt-PacketType-metaclass-fanout
renderer/amd/sqtt.py	PERF	cls_CDNA_	LANG-CONSTRAINED:sqtt-PacketType-metaclass-fanout
renderer/amd/sqtt.py	PERF	dflt_	LANG-CONSTRAINED:sqtt-PacketType-metaclass-fanout
renderer/amd/sqtt.py	PERF	dflt_CDNA_	LANG-CONSTRAINED:sqtt-PacketType-metaclass-fanout
renderer/amd/sqtt.py	PERF	dlo_	LANG-CONSTRAINED:sqtt-PacketType-metaclass-fanout
renderer/amd/sqtt.py	PERF	dmask_	LANG-CONSTRAINED:sqtt-PacketType-metaclass-fanout
renderer/amd/sqtt.py	PERF	dmask_over_	LANG-CONSTRAINED:sqtt-PacketType-metaclass-fanout
renderer/amd/sqtt.py	PERF	field_order_	LANG-CONSTRAINED:sqtt-PacketType-metaclass-fanout
renderer/amd/sqtt.py	PERF	field_order_CDNA_	LANG-CONSTRAINED:sqtt-PacketType-metaclass-fanout
renderer/amd/sqtt.py	PERF	fields_	LANG-CONSTRAINED:sqtt-PacketType-metaclass-fanout
renderer/amd/sqtt.py	PERF	fields_CDNA_	LANG-CONSTRAINED:sqtt-PacketType-metaclass-fanout
renderer/amd/sqtt.py	PERF	hasdelta_	LANG-CONSTRAINED:sqtt-PacketType-metaclass-fanout
renderer/amd/sqtt.py	PERF	hasdelta_CDNA_	LANG-CONSTRAINED:sqtt-PacketType-metaclass-fanout
renderer/amd/sqtt.py	PERF	himax_	LANG-CONSTRAINED:sqtt-PacketType-metaclass-fanout
renderer/amd/sqtt.py	PERF	himax_CDNA_	LANG-CONSTRAINED:sqtt-PacketType-metaclass-fanout
renderer/amd/sqtt.py	PERF	mask_	LANG-CONSTRAINED:sqtt-PacketType-metaclass-fanout
renderer/amd/sqtt.py	PERF	mask_CDNA_	LANG-CONSTRAINED:sqtt-PacketType-metaclass-fanout
renderer/amd/sqtt.py	PERF_RDNA4	cls_	LANG-CONSTRAINED:sqtt-PacketType-metaclass-fanout
renderer/amd/sqtt.py	PERF_RDNA4	dflt_	LANG-CONSTRAINED:sqtt-PacketType-metaclass-fanout
renderer/amd/sqtt.py	PERF_RDNA4	dlo_	LANG-CONSTRAINED:sqtt-PacketType-metaclass-fanout
renderer/amd/sqtt.py	PERF_RDNA4	dmask_	LANG-CONSTRAINED:sqtt-PacketType-metaclass-fanout
renderer/amd/sqtt.py	PERF_RDNA4	dmask_over_	LANG-CONSTRAINED:sqtt-PacketType-metaclass-fanout
renderer/amd/sqtt.py	PERF_RDNA4	field_order_	LANG-CONSTRAINED:sqtt-PacketType-metaclass-fanout
renderer/amd/sqtt.py	PERF_RDNA4	fields_	LANG-CONSTRAINED:sqtt-PacketType-metaclass-fanout
renderer/amd/sqtt.py	PERF_RDNA4	hasdelta_	LANG-CONSTRAINED:sqtt-PacketType-metaclass-fanout
renderer/amd/sqtt.py	PERF_RDNA4	himax_	LANG-CONSTRAINED:sqtt-PacketType-metaclass-fanout
renderer/amd/sqtt.py	PERF_RDNA4	mask_	LANG-CONSTRAINED:sqtt-PacketType-metaclass-fanout
renderer/amd/sqtt.py	REG	cls_	LANG-CONSTRAINED:sqtt-PacketType-metaclass-fanout
renderer/amd/sqtt.py	REG	cls_CDNA_	LANG-CONSTRAINED:sqtt-PacketType-metaclass-fanout
renderer/amd/sqtt.py	REG	dflt_	LANG-CONSTRAINED:sqtt-PacketType-metaclass-fanout
renderer/amd/sqtt.py	REG	dflt_CDNA_	LANG-CONSTRAINED:sqtt-PacketType-metaclass-fanout
renderer/amd/sqtt.py	REG	dlo_	LANG-CONSTRAINED:sqtt-PacketType-metaclass-fanout
renderer/amd/sqtt.py	REG	dmask_	LANG-CONSTRAINED:sqtt-PacketType-metaclass-fanout
renderer/amd/sqtt.py	REG	dmask_over_	LANG-CONSTRAINED:sqtt-PacketType-metaclass-fanout
renderer/amd/sqtt.py	REG	field_order_	LANG-CONSTRAINED:sqtt-PacketType-metaclass-fanout
renderer/amd/sqtt.py	REG	field_order_CDNA_	LANG-CONSTRAINED:sqtt-PacketType-metaclass-fanout
renderer/amd/sqtt.py	REG	fields_	LANG-CONSTRAINED:sqtt-PacketType-metaclass-fanout
renderer/amd/sqtt.py	REG	fields_CDNA_	LANG-CONSTRAINED:sqtt-PacketType-metaclass-fanout
renderer/amd/sqtt.py	REG	hasdelta_	LANG-CONSTRAINED:sqtt-PacketType-metaclass-fanout
renderer/amd/sqtt.py	REG	hasdelta_CDNA_	LANG-CONSTRAINED:sqtt-PacketType-metaclass-fanout
renderer/amd/sqtt.py	REG	himax_	LANG-CONSTRAINED:sqtt-PacketType-metaclass-fanout
renderer/amd/sqtt.py	REG	himax_CDNA_	LANG-CONSTRAINED:sqtt-PacketType-metaclass-fanout
renderer/amd/sqtt.py	REG	mask_	LANG-CONSTRAINED:sqtt-PacketType-metaclass-fanout
renderer/amd/sqtt.py	REG	mask_CDNA_	LANG-CONSTRAINED:sqtt-PacketType-metaclass-fanout
renderer/amd/sqtt.py	SNAPSHOT	cls_	LANG-CONSTRAINED:sqtt-PacketType-metaclass-fanout
renderer/amd/sqtt.py	SNAPSHOT	dflt_	LANG-CONSTRAINED:sqtt-PacketType-metaclass-fanout
renderer/amd/sqtt.py	SNAPSHOT	dlo_	LANG-CONSTRAINED:sqtt-PacketType-metaclass-fanout
renderer/amd/sqtt.py	SNAPSHOT	dmask_	LANG-CONSTRAINED:sqtt-PacketType-metaclass-fanout
renderer/amd/sqtt.py	SNAPSHOT	dmask_over_	LANG-CONSTRAINED:sqtt-PacketType-metaclass-fanout
renderer/amd/sqtt.py	SNAPSHOT	field_order_	LANG-CONSTRAINED:sqtt-PacketType-metaclass-fanout
renderer/amd/sqtt.py	SNAPSHOT	fields_	LANG-CONSTRAINED:sqtt-PacketType-metaclass-fanout
renderer/amd/sqtt.py	SNAPSHOT	hasdelta_	LANG-CONSTRAINED:sqtt-PacketType-metaclass-fanout
renderer/amd/sqtt.py	SNAPSHOT	himax_	LANG-CONSTRAINED:sqtt-PacketType-metaclass-fanout
renderer/amd/sqtt.py	SNAPSHOT	mask_	LANG-CONSTRAINED:sqtt-PacketType-metaclass-fanout
renderer/amd/sqtt.py	TS_DELTA_OR_MARK	cls_	LANG-CONSTRAINED:sqtt-PacketType-metaclass-fanout
renderer/amd/sqtt.py	TS_DELTA_OR_MARK	dflt_	LANG-CONSTRAINED:sqtt-PacketType-metaclass-fanout
renderer/amd/sqtt.py	TS_DELTA_OR_MARK	dlo_	LANG-CONSTRAINED:sqtt-PacketType-metaclass-fanout
renderer/amd/sqtt.py	TS_DELTA_OR_MARK	dmask_	LANG-CONSTRAINED:sqtt-PacketType-metaclass-fanout
renderer/amd/sqtt.py	TS_DELTA_OR_MARK	dmask_over_	LANG-CONSTRAINED:sqtt-PacketType-metaclass-fanout
renderer/amd/sqtt.py	TS_DELTA_OR_MARK	field_order_	LANG-CONSTRAINED:sqtt-PacketType-metaclass-fanout
renderer/amd/sqtt.py	TS_DELTA_OR_MARK	fields_	LANG-CONSTRAINED:sqtt-PacketType-metaclass-fanout
renderer/amd/sqtt.py	TS_DELTA_OR_MARK	hasdelta_	LANG-CONSTRAINED:sqtt-PacketType-metaclass-fanout
renderer/amd/sqtt.py	TS_DELTA_OR_MARK	himax_	LANG-CONSTRAINED:sqtt-PacketType-metaclass-fanout
renderer/amd/sqtt.py	TS_DELTA_OR_MARK	mask_	LANG-CONSTRAINED:sqtt-PacketType-metaclass-fanout
renderer/amd/sqtt.py	TS_DELTA_OR_MARK_RDNA4	cls_	LANG-CONSTRAINED:sqtt-PacketType-metaclass-fanout
renderer/amd/sqtt.py	TS_DELTA_OR_MARK_RDNA4	dflt_	LANG-CONSTRAINED:sqtt-PacketType-metaclass-fanout
renderer/amd/sqtt.py	TS_DELTA_OR_MARK_RDNA4	dlo_	LANG-CONSTRAINED:sqtt-PacketType-metaclass-fanout
renderer/amd/sqtt.py	TS_DELTA_OR_MARK_RDNA4	dmask_	LANG-CONSTRAINED:sqtt-PacketType-metaclass-fanout
renderer/amd/sqtt.py	TS_DELTA_OR_MARK_RDNA4	dmask_over_	LANG-CONSTRAINED:sqtt-PacketType-metaclass-fanout
renderer/amd/sqtt.py	TS_DELTA_OR_MARK_RDNA4	field_order_	LANG-CONSTRAINED:sqtt-PacketType-metaclass-fanout
renderer/amd/sqtt.py	TS_DELTA_OR_MARK_RDNA4	fields_	LANG-CONSTRAINED:sqtt-PacketType-metaclass-fanout
renderer/amd/sqtt.py	TS_DELTA_OR_MARK_RDNA4	hasdelta_	LANG-CONSTRAINED:sqtt-PacketType-metaclass-fanout
renderer/amd/sqtt.py	TS_DELTA_OR_MARK_RDNA4	himax_	LANG-CONSTRAINED:sqtt-PacketType-metaclass-fanout
renderer/amd/sqtt.py	TS_DELTA_OR_MARK_RDNA4	mask_	LANG-CONSTRAINED:sqtt-PacketType-metaclass-fanout
renderer/amd/sqtt.py	TS_DELTA_S5_W2	cls_	LANG-CONSTRAINED:sqtt-PacketType-metaclass-fanout
renderer/amd/sqtt.py	TS_DELTA_S5_W2	dflt_	LANG-CONSTRAINED:sqtt-PacketType-metaclass-fanout
renderer/amd/sqtt.py	TS_DELTA_S5_W2	dlo_	LANG-CONSTRAINED:sqtt-PacketType-metaclass-fanout
renderer/amd/sqtt.py	TS_DELTA_S5_W2	dmask_	LANG-CONSTRAINED:sqtt-PacketType-metaclass-fanout
renderer/amd/sqtt.py	TS_DELTA_S5_W2	dmask_over_	LANG-CONSTRAINED:sqtt-PacketType-metaclass-fanout
renderer/amd/sqtt.py	TS_DELTA_S5_W2	field_order_	LANG-CONSTRAINED:sqtt-PacketType-metaclass-fanout
renderer/amd/sqtt.py	TS_DELTA_S5_W2	fields_	LANG-CONSTRAINED:sqtt-PacketType-metaclass-fanout
renderer/amd/sqtt.py	TS_DELTA_S5_W2	hasdelta_	LANG-CONSTRAINED:sqtt-PacketType-metaclass-fanout
renderer/amd/sqtt.py	TS_DELTA_S5_W2	himax_	LANG-CONSTRAINED:sqtt-PacketType-metaclass-fanout
renderer/amd/sqtt.py	TS_DELTA_S5_W2	mask_	LANG-CONSTRAINED:sqtt-PacketType-metaclass-fanout
renderer/amd/sqtt.py	TS_DELTA_S5_W2_RDNA4	cls_	LANG-CONSTRAINED:sqtt-PacketType-metaclass-fanout
renderer/amd/sqtt.py	TS_DELTA_S5_W2_RDNA4	dflt_	LANG-CONSTRAINED:sqtt-PacketType-metaclass-fanout
renderer/amd/sqtt.py	TS_DELTA_S5_W2_RDNA4	dlo_	LANG-CONSTRAINED:sqtt-PacketType-metaclass-fanout
renderer/amd/sqtt.py	TS_DELTA_S5_W2_RDNA4	dmask_	LANG-CONSTRAINED:sqtt-PacketType-metaclass-fanout
renderer/amd/sqtt.py	TS_DELTA_S5_W2_RDNA4	dmask_over_	LANG-CONSTRAINED:sqtt-PacketType-metaclass-fanout
renderer/amd/sqtt.py	TS_DELTA_S5_W2_RDNA4	field_order_	LANG-CONSTRAINED:sqtt-PacketType-metaclass-fanout
renderer/amd/sqtt.py	TS_DELTA_S5_W2_RDNA4	fields_	LANG-CONSTRAINED:sqtt-PacketType-metaclass-fanout
renderer/amd/sqtt.py	TS_DELTA_S5_W2_RDNA4	hasdelta_	LANG-CONSTRAINED:sqtt-PacketType-metaclass-fanout
renderer/amd/sqtt.py	TS_DELTA_S5_W2_RDNA4	himax_	LANG-CONSTRAINED:sqtt-PacketType-metaclass-fanout
renderer/amd/sqtt.py	TS_DELTA_S5_W2_RDNA4	mask_	LANG-CONSTRAINED:sqtt-PacketType-metaclass-fanout
renderer/amd/sqtt.py	TS_DELTA_S5_W3	cls_	LANG-CONSTRAINED:sqtt-PacketType-metaclass-fanout
renderer/amd/sqtt.py	TS_DELTA_S5_W3	dflt_	LANG-CONSTRAINED:sqtt-PacketType-metaclass-fanout
renderer/amd/sqtt.py	TS_DELTA_S5_W3	dlo_	LANG-CONSTRAINED:sqtt-PacketType-metaclass-fanout
renderer/amd/sqtt.py	TS_DELTA_S5_W3	dmask_	LANG-CONSTRAINED:sqtt-PacketType-metaclass-fanout
renderer/amd/sqtt.py	TS_DELTA_S5_W3	dmask_over_	LANG-CONSTRAINED:sqtt-PacketType-metaclass-fanout
renderer/amd/sqtt.py	TS_DELTA_S5_W3	field_order_	LANG-CONSTRAINED:sqtt-PacketType-metaclass-fanout
renderer/amd/sqtt.py	TS_DELTA_S5_W3	fields_	LANG-CONSTRAINED:sqtt-PacketType-metaclass-fanout
renderer/amd/sqtt.py	TS_DELTA_S5_W3	hasdelta_	LANG-CONSTRAINED:sqtt-PacketType-metaclass-fanout
renderer/amd/sqtt.py	TS_DELTA_S5_W3	himax_	LANG-CONSTRAINED:sqtt-PacketType-metaclass-fanout
renderer/amd/sqtt.py	TS_DELTA_S5_W3	mask_	LANG-CONSTRAINED:sqtt-PacketType-metaclass-fanout
renderer/amd/sqtt.py	TS_DELTA_S5_W3_RDNA4	cls_	LANG-CONSTRAINED:sqtt-PacketType-metaclass-fanout
renderer/amd/sqtt.py	TS_DELTA_S5_W3_RDNA4	dflt_	LANG-CONSTRAINED:sqtt-PacketType-metaclass-fanout
renderer/amd/sqtt.py	TS_DELTA_S5_W3_RDNA4	dlo_	LANG-CONSTRAINED:sqtt-PacketType-metaclass-fanout
renderer/amd/sqtt.py	TS_DELTA_S5_W3_RDNA4	dmask_	LANG-CONSTRAINED:sqtt-PacketType-metaclass-fanout
renderer/amd/sqtt.py	TS_DELTA_S5_W3_RDNA4	dmask_over_	LANG-CONSTRAINED:sqtt-PacketType-metaclass-fanout
renderer/amd/sqtt.py	TS_DELTA_S5_W3_RDNA4	field_order_	LANG-CONSTRAINED:sqtt-PacketType-metaclass-fanout
renderer/amd/sqtt.py	TS_DELTA_S5_W3_RDNA4	fields_	LANG-CONSTRAINED:sqtt-PacketType-metaclass-fanout
renderer/amd/sqtt.py	TS_DELTA_S5_W3_RDNA4	hasdelta_	LANG-CONSTRAINED:sqtt-PacketType-metaclass-fanout
renderer/amd/sqtt.py	TS_DELTA_S5_W3_RDNA4	himax_	LANG-CONSTRAINED:sqtt-PacketType-metaclass-fanout
renderer/amd/sqtt.py	TS_DELTA_S5_W3_RDNA4	mask_	LANG-CONSTRAINED:sqtt-PacketType-metaclass-fanout
renderer/amd/sqtt.py	TS_DELTA_S8_W3	cls_	LANG-CONSTRAINED:sqtt-PacketType-metaclass-fanout
renderer/amd/sqtt.py	TS_DELTA_S8_W3	dflt_	LANG-CONSTRAINED:sqtt-PacketType-metaclass-fanout
renderer/amd/sqtt.py	TS_DELTA_S8_W3	dlo_	LANG-CONSTRAINED:sqtt-PacketType-metaclass-fanout
renderer/amd/sqtt.py	TS_DELTA_S8_W3	dmask_	LANG-CONSTRAINED:sqtt-PacketType-metaclass-fanout
renderer/amd/sqtt.py	TS_DELTA_S8_W3	dmask_over_	LANG-CONSTRAINED:sqtt-PacketType-metaclass-fanout
renderer/amd/sqtt.py	TS_DELTA_S8_W3	field_order_	LANG-CONSTRAINED:sqtt-PacketType-metaclass-fanout
renderer/amd/sqtt.py	TS_DELTA_S8_W3	fields_	LANG-CONSTRAINED:sqtt-PacketType-metaclass-fanout
renderer/amd/sqtt.py	TS_DELTA_S8_W3	hasdelta_	LANG-CONSTRAINED:sqtt-PacketType-metaclass-fanout
renderer/amd/sqtt.py	TS_DELTA_S8_W3	himax_	LANG-CONSTRAINED:sqtt-PacketType-metaclass-fanout
renderer/amd/sqtt.py	TS_DELTA_S8_W3	mask_	LANG-CONSTRAINED:sqtt-PacketType-metaclass-fanout
renderer/amd/sqtt.py	TS_DELTA_SHORT	cls_	LANG-CONSTRAINED:sqtt-PacketType-metaclass-fanout
renderer/amd/sqtt.py	TS_DELTA_SHORT	dflt_	LANG-CONSTRAINED:sqtt-PacketType-metaclass-fanout
renderer/amd/sqtt.py	TS_DELTA_SHORT	dlo_	LANG-CONSTRAINED:sqtt-PacketType-metaclass-fanout
renderer/amd/sqtt.py	TS_DELTA_SHORT	dmask_	LANG-CONSTRAINED:sqtt-PacketType-metaclass-fanout
renderer/amd/sqtt.py	TS_DELTA_SHORT	dmask_over_	LANG-CONSTRAINED:sqtt-PacketType-metaclass-fanout
renderer/amd/sqtt.py	TS_DELTA_SHORT	field_order_	LANG-CONSTRAINED:sqtt-PacketType-metaclass-fanout
renderer/amd/sqtt.py	TS_DELTA_SHORT	fields_	LANG-CONSTRAINED:sqtt-PacketType-metaclass-fanout
renderer/amd/sqtt.py	TS_DELTA_SHORT	hasdelta_	LANG-CONSTRAINED:sqtt-PacketType-metaclass-fanout
renderer/amd/sqtt.py	TS_DELTA_SHORT	himax_	LANG-CONSTRAINED:sqtt-PacketType-metaclass-fanout
renderer/amd/sqtt.py	TS_DELTA_SHORT	mask_	LANG-CONSTRAINED:sqtt-PacketType-metaclass-fanout
renderer/amd/sqtt.py	TS_WAVE_STATE	cls_	LANG-CONSTRAINED:sqtt-PacketType-metaclass-fanout
renderer/amd/sqtt.py	TS_WAVE_STATE	dflt_	LANG-CONSTRAINED:sqtt-PacketType-metaclass-fanout
renderer/amd/sqtt.py	TS_WAVE_STATE	dlo_	LANG-CONSTRAINED:sqtt-PacketType-metaclass-fanout
renderer/amd/sqtt.py	TS_WAVE_STATE	dmask_	LANG-CONSTRAINED:sqtt-PacketType-metaclass-fanout
renderer/amd/sqtt.py	TS_WAVE_STATE	dmask_over_	LANG-CONSTRAINED:sqtt-PacketType-metaclass-fanout
renderer/amd/sqtt.py	TS_WAVE_STATE	field_order_	LANG-CONSTRAINED:sqtt-PacketType-metaclass-fanout
renderer/amd/sqtt.py	TS_WAVE_STATE	fields_	LANG-CONSTRAINED:sqtt-PacketType-metaclass-fanout
renderer/amd/sqtt.py	TS_WAVE_STATE	hasdelta_	LANG-CONSTRAINED:sqtt-PacketType-metaclass-fanout
renderer/amd/sqtt.py	TS_WAVE_STATE	himax_	LANG-CONSTRAINED:sqtt-PacketType-metaclass-fanout
renderer/amd/sqtt.py	TS_WAVE_STATE	mask_	LANG-CONSTRAINED:sqtt-PacketType-metaclass-fanout
renderer/amd/sqtt.py	UTILCTR	cls_	LANG-CONSTRAINED:sqtt-PacketType-metaclass-fanout
renderer/amd/sqtt.py	UTILCTR	dflt_	LANG-CONSTRAINED:sqtt-PacketType-metaclass-fanout
renderer/amd/sqtt.py	UTILCTR	dlo_	LANG-CONSTRAINED:sqtt-PacketType-metaclass-fanout
renderer/amd/sqtt.py	UTILCTR	dmask_	LANG-CONSTRAINED:sqtt-PacketType-metaclass-fanout
renderer/amd/sqtt.py	UTILCTR	dmask_over_	LANG-CONSTRAINED:sqtt-PacketType-metaclass-fanout
renderer/amd/sqtt.py	UTILCTR	field_order_	LANG-CONSTRAINED:sqtt-PacketType-metaclass-fanout
renderer/amd/sqtt.py	UTILCTR	fields_	LANG-CONSTRAINED:sqtt-PacketType-metaclass-fanout
renderer/amd/sqtt.py	UTILCTR	hasdelta_	LANG-CONSTRAINED:sqtt-PacketType-metaclass-fanout
renderer/amd/sqtt.py	UTILCTR	himax_	LANG-CONSTRAINED:sqtt-PacketType-metaclass-fanout
renderer/amd/sqtt.py	UTILCTR	mask_	LANG-CONSTRAINED:sqtt-PacketType-metaclass-fanout
renderer/amd/sqtt.py	VALUINST	cls_	LANG-CONSTRAINED:sqtt-PacketType-metaclass-fanout
renderer/amd/sqtt.py	VALUINST	dflt_	LANG-CONSTRAINED:sqtt-PacketType-metaclass-fanout
renderer/amd/sqtt.py	VALUINST	dlo_	LANG-CONSTRAINED:sqtt-PacketType-metaclass-fanout
renderer/amd/sqtt.py	VALUINST	dmask_	LANG-CONSTRAINED:sqtt-PacketType-metaclass-fanout
renderer/amd/sqtt.py	VALUINST	dmask_over_	LANG-CONSTRAINED:sqtt-PacketType-metaclass-fanout
renderer/amd/sqtt.py	VALUINST	field_order_	LANG-CONSTRAINED:sqtt-PacketType-metaclass-fanout
renderer/amd/sqtt.py	VALUINST	fields_	LANG-CONSTRAINED:sqtt-PacketType-metaclass-fanout
renderer/amd/sqtt.py	VALUINST	hasdelta_	LANG-CONSTRAINED:sqtt-PacketType-metaclass-fanout
renderer/amd/sqtt.py	VALUINST	himax_	LANG-CONSTRAINED:sqtt-PacketType-metaclass-fanout
renderer/amd/sqtt.py	VALUINST	mask_	LANG-CONSTRAINED:sqtt-PacketType-metaclass-fanout
renderer/amd/sqtt.py	VMEMEXEC	cls_	LANG-CONSTRAINED:sqtt-PacketType-metaclass-fanout
renderer/amd/sqtt.py	VMEMEXEC	dflt_	LANG-CONSTRAINED:sqtt-PacketType-metaclass-fanout
renderer/amd/sqtt.py	VMEMEXEC	dlo_	LANG-CONSTRAINED:sqtt-PacketType-metaclass-fanout
renderer/amd/sqtt.py	VMEMEXEC	dmask_	LANG-CONSTRAINED:sqtt-PacketType-metaclass-fanout
renderer/amd/sqtt.py	VMEMEXEC	dmask_over_	LANG-CONSTRAINED:sqtt-PacketType-metaclass-fanout
renderer/amd/sqtt.py	VMEMEXEC	field_order_	LANG-CONSTRAINED:sqtt-PacketType-metaclass-fanout
renderer/amd/sqtt.py	VMEMEXEC	fields_	LANG-CONSTRAINED:sqtt-PacketType-metaclass-fanout
renderer/amd/sqtt.py	VMEMEXEC	hasdelta_	LANG-CONSTRAINED:sqtt-PacketType-metaclass-fanout
renderer/amd/sqtt.py	VMEMEXEC	himax_	LANG-CONSTRAINED:sqtt-PacketType-metaclass-fanout
renderer/amd/sqtt.py	VMEMEXEC	mask_	LANG-CONSTRAINED:sqtt-PacketType-metaclass-fanout
renderer/amd/sqtt.py	WAVEALLOC	cls_	LANG-CONSTRAINED:sqtt-PacketType-metaclass-fanout
renderer/amd/sqtt.py	WAVEALLOC	cls_CDNA_	LANG-CONSTRAINED:sqtt-PacketType-metaclass-fanout
renderer/amd/sqtt.py	WAVEALLOC	dflt_	LANG-CONSTRAINED:sqtt-PacketType-metaclass-fanout
renderer/amd/sqtt.py	WAVEALLOC	dflt_CDNA_	LANG-CONSTRAINED:sqtt-PacketType-metaclass-fanout
renderer/amd/sqtt.py	WAVEALLOC	dlo_	LANG-CONSTRAINED:sqtt-PacketType-metaclass-fanout
renderer/amd/sqtt.py	WAVEALLOC	dmask_	LANG-CONSTRAINED:sqtt-PacketType-metaclass-fanout
renderer/amd/sqtt.py	WAVEALLOC	dmask_over_	LANG-CONSTRAINED:sqtt-PacketType-metaclass-fanout
renderer/amd/sqtt.py	WAVEALLOC	field_order_	LANG-CONSTRAINED:sqtt-PacketType-metaclass-fanout
renderer/amd/sqtt.py	WAVEALLOC	field_order_CDNA_	LANG-CONSTRAINED:sqtt-PacketType-metaclass-fanout
renderer/amd/sqtt.py	WAVEALLOC	fields_	LANG-CONSTRAINED:sqtt-PacketType-metaclass-fanout
renderer/amd/sqtt.py	WAVEALLOC	fields_CDNA_	LANG-CONSTRAINED:sqtt-PacketType-metaclass-fanout
renderer/amd/sqtt.py	WAVEALLOC	hasdelta_	LANG-CONSTRAINED:sqtt-PacketType-metaclass-fanout
renderer/amd/sqtt.py	WAVEALLOC	hasdelta_CDNA_	LANG-CONSTRAINED:sqtt-PacketType-metaclass-fanout
renderer/amd/sqtt.py	WAVEALLOC	himax_	LANG-CONSTRAINED:sqtt-PacketType-metaclass-fanout
renderer/amd/sqtt.py	WAVEALLOC	himax_CDNA_	LANG-CONSTRAINED:sqtt-PacketType-metaclass-fanout
renderer/amd/sqtt.py	WAVEALLOC	mask_	LANG-CONSTRAINED:sqtt-PacketType-metaclass-fanout
renderer/amd/sqtt.py	WAVEALLOC	mask_CDNA_	LANG-CONSTRAINED:sqtt-PacketType-metaclass-fanout
renderer/amd/sqtt.py	WAVEALLOC_RDNA4	cls_	LANG-CONSTRAINED:sqtt-PacketType-metaclass-fanout
renderer/amd/sqtt.py	WAVEALLOC_RDNA4	dflt_	LANG-CONSTRAINED:sqtt-PacketType-metaclass-fanout
renderer/amd/sqtt.py	WAVEALLOC_RDNA4	dlo_	LANG-CONSTRAINED:sqtt-PacketType-metaclass-fanout
renderer/amd/sqtt.py	WAVEALLOC_RDNA4	dmask_	LANG-CONSTRAINED:sqtt-PacketType-metaclass-fanout
renderer/amd/sqtt.py	WAVEALLOC_RDNA4	dmask_over_	LANG-CONSTRAINED:sqtt-PacketType-metaclass-fanout
renderer/amd/sqtt.py	WAVEALLOC_RDNA4	field_order_	LANG-CONSTRAINED:sqtt-PacketType-metaclass-fanout
renderer/amd/sqtt.py	WAVEALLOC_RDNA4	fields_	LANG-CONSTRAINED:sqtt-PacketType-metaclass-fanout
renderer/amd/sqtt.py	WAVEALLOC_RDNA4	hasdelta_	LANG-CONSTRAINED:sqtt-PacketType-metaclass-fanout
renderer/amd/sqtt.py	WAVEALLOC_RDNA4	himax_	LANG-CONSTRAINED:sqtt-PacketType-metaclass-fanout
renderer/amd/sqtt.py	WAVEALLOC_RDNA4	mask_	LANG-CONSTRAINED:sqtt-PacketType-metaclass-fanout
renderer/amd/sqtt.py	WAVEEND	cls_	LANG-CONSTRAINED:sqtt-PacketType-metaclass-fanout
renderer/amd/sqtt.py	WAVEEND	cls_CDNA_	LANG-CONSTRAINED:sqtt-PacketType-metaclass-fanout
renderer/amd/sqtt.py	WAVEEND	cu_	LANG-CONSTRAINED:sqtt-PacketType-metaclass-fanout
renderer/amd/sqtt.py	WAVEEND	dflt_	LANG-CONSTRAINED:sqtt-PacketType-metaclass-fanout
renderer/amd/sqtt.py	WAVEEND	dflt_CDNA_	LANG-CONSTRAINED:sqtt-PacketType-metaclass-fanout
renderer/amd/sqtt.py	WAVEEND	dlo_	LANG-CONSTRAINED:sqtt-PacketType-metaclass-fanout
renderer/amd/sqtt.py	WAVEEND	dmask_	LANG-CONSTRAINED:sqtt-PacketType-metaclass-fanout
renderer/amd/sqtt.py	WAVEEND	dmask_over_	LANG-CONSTRAINED:sqtt-PacketType-metaclass-fanout
renderer/amd/sqtt.py	WAVEEND	field_order_	LANG-CONSTRAINED:sqtt-PacketType-metaclass-fanout
renderer/amd/sqtt.py	WAVEEND	field_order_CDNA_	LANG-CONSTRAINED:sqtt-PacketType-metaclass-fanout
renderer/amd/sqtt.py	WAVEEND	fields_	LANG-CONSTRAINED:sqtt-PacketType-metaclass-fanout
renderer/amd/sqtt.py	WAVEEND	fields_CDNA_	LANG-CONSTRAINED:sqtt-PacketType-metaclass-fanout
renderer/amd/sqtt.py	WAVEEND	hasdelta_	LANG-CONSTRAINED:sqtt-PacketType-metaclass-fanout
renderer/amd/sqtt.py	WAVEEND	hasdelta_CDNA_	LANG-CONSTRAINED:sqtt-PacketType-metaclass-fanout
renderer/amd/sqtt.py	WAVEEND	himax_	LANG-CONSTRAINED:sqtt-PacketType-metaclass-fanout
renderer/amd/sqtt.py	WAVEEND	himax_CDNA_	LANG-CONSTRAINED:sqtt-PacketType-metaclass-fanout
renderer/amd/sqtt.py	WAVEEND	mask_	LANG-CONSTRAINED:sqtt-PacketType-metaclass-fanout
renderer/amd/sqtt.py	WAVEEND	mask_CDNA_	LANG-CONSTRAINED:sqtt-PacketType-metaclass-fanout
renderer/amd/sqtt.py	WAVEEND_RDNA4	cls_	LANG-CONSTRAINED:sqtt-PacketType-metaclass-fanout
renderer/amd/sqtt.py	WAVEEND_RDNA4	cu_	LANG-CONSTRAINED:sqtt-PacketType-metaclass-fanout
renderer/amd/sqtt.py	WAVEEND_RDNA4	dflt_	LANG-CONSTRAINED:sqtt-PacketType-metaclass-fanout
renderer/amd/sqtt.py	WAVEEND_RDNA4	dlo_	LANG-CONSTRAINED:sqtt-PacketType-metaclass-fanout
renderer/amd/sqtt.py	WAVEEND_RDNA4	dmask_	LANG-CONSTRAINED:sqtt-PacketType-metaclass-fanout
renderer/amd/sqtt.py	WAVEEND_RDNA4	dmask_over_	LANG-CONSTRAINED:sqtt-PacketType-metaclass-fanout
renderer/amd/sqtt.py	WAVEEND_RDNA4	field_order_	LANG-CONSTRAINED:sqtt-PacketType-metaclass-fanout
renderer/amd/sqtt.py	WAVEEND_RDNA4	fields_	LANG-CONSTRAINED:sqtt-PacketType-metaclass-fanout
renderer/amd/sqtt.py	WAVEEND_RDNA4	hasdelta_	LANG-CONSTRAINED:sqtt-PacketType-metaclass-fanout
renderer/amd/sqtt.py	WAVEEND_RDNA4	himax_	LANG-CONSTRAINED:sqtt-PacketType-metaclass-fanout
renderer/amd/sqtt.py	WAVEEND_RDNA4	mask_	LANG-CONSTRAINED:sqtt-PacketType-metaclass-fanout
renderer/amd/sqtt.py	WAVERDY	cls_	LANG-CONSTRAINED:sqtt-PacketType-metaclass-fanout
renderer/amd/sqtt.py	WAVERDY	dflt_	LANG-CONSTRAINED:sqtt-PacketType-metaclass-fanout
renderer/amd/sqtt.py	WAVERDY	dlo_	LANG-CONSTRAINED:sqtt-PacketType-metaclass-fanout
renderer/amd/sqtt.py	WAVERDY	dmask_	LANG-CONSTRAINED:sqtt-PacketType-metaclass-fanout
renderer/amd/sqtt.py	WAVERDY	dmask_over_	LANG-CONSTRAINED:sqtt-PacketType-metaclass-fanout
renderer/amd/sqtt.py	WAVERDY	field_order_	LANG-CONSTRAINED:sqtt-PacketType-metaclass-fanout
renderer/amd/sqtt.py	WAVERDY	fields_	LANG-CONSTRAINED:sqtt-PacketType-metaclass-fanout
renderer/amd/sqtt.py	WAVERDY	hasdelta_	LANG-CONSTRAINED:sqtt-PacketType-metaclass-fanout
renderer/amd/sqtt.py	WAVERDY	himax_	LANG-CONSTRAINED:sqtt-PacketType-metaclass-fanout
renderer/amd/sqtt.py	WAVERDY	mask_	LANG-CONSTRAINED:sqtt-PacketType-metaclass-fanout
renderer/amd/sqtt.py	WAVESTART	cls_	LANG-CONSTRAINED:sqtt-PacketType-metaclass-fanout
renderer/amd/sqtt.py	WAVESTART	cls_CDNA_	LANG-CONSTRAINED:sqtt-PacketType-metaclass-fanout
renderer/amd/sqtt.py	WAVESTART	cu_	LANG-CONSTRAINED:sqtt-PacketType-metaclass-fanout
renderer/amd/sqtt.py	WAVESTART	dflt_	LANG-CONSTRAINED:sqtt-PacketType-metaclass-fanout
renderer/amd/sqtt.py	WAVESTART	dflt_CDNA_	LANG-CONSTRAINED:sqtt-PacketType-metaclass-fanout
renderer/amd/sqtt.py	WAVESTART	dlo_	LANG-CONSTRAINED:sqtt-PacketType-metaclass-fanout
renderer/amd/sqtt.py	WAVESTART	dmask_	LANG-CONSTRAINED:sqtt-PacketType-metaclass-fanout
renderer/amd/sqtt.py	WAVESTART	dmask_over_	LANG-CONSTRAINED:sqtt-PacketType-metaclass-fanout
renderer/amd/sqtt.py	WAVESTART	field_order_	LANG-CONSTRAINED:sqtt-PacketType-metaclass-fanout
renderer/amd/sqtt.py	WAVESTART	field_order_CDNA_	LANG-CONSTRAINED:sqtt-PacketType-metaclass-fanout
renderer/amd/sqtt.py	WAVESTART	fields_	LANG-CONSTRAINED:sqtt-PacketType-metaclass-fanout
renderer/amd/sqtt.py	WAVESTART	fields_CDNA_	LANG-CONSTRAINED:sqtt-PacketType-metaclass-fanout
renderer/amd/sqtt.py	WAVESTART	hasdelta_	LANG-CONSTRAINED:sqtt-PacketType-metaclass-fanout
renderer/amd/sqtt.py	WAVESTART	hasdelta_CDNA_	LANG-CONSTRAINED:sqtt-PacketType-metaclass-fanout
renderer/amd/sqtt.py	WAVESTART	himax_	LANG-CONSTRAINED:sqtt-PacketType-metaclass-fanout
renderer/amd/sqtt.py	WAVESTART	himax_CDNA_	LANG-CONSTRAINED:sqtt-PacketType-metaclass-fanout
renderer/amd/sqtt.py	WAVESTART	mask_	LANG-CONSTRAINED:sqtt-PacketType-metaclass-fanout
renderer/amd/sqtt.py	WAVESTART	mask_CDNA_	LANG-CONSTRAINED:sqtt-PacketType-metaclass-fanout
renderer/amd/sqtt.py	WAVESTART_RDNA4	cls_	LANG-CONSTRAINED:sqtt-PacketType-metaclass-fanout
renderer/amd/sqtt.py	WAVESTART_RDNA4	cu_	LANG-CONSTRAINED:sqtt-PacketType-metaclass-fanout
renderer/amd/sqtt.py	WAVESTART_RDNA4	dflt_	LANG-CONSTRAINED:sqtt-PacketType-metaclass-fanout
renderer/amd/sqtt.py	WAVESTART_RDNA4	dlo_	LANG-CONSTRAINED:sqtt-PacketType-metaclass-fanout
renderer/amd/sqtt.py	WAVESTART_RDNA4	dmask_	LANG-CONSTRAINED:sqtt-PacketType-metaclass-fanout
renderer/amd/sqtt.py	WAVESTART_RDNA4	dmask_over_	LANG-CONSTRAINED:sqtt-PacketType-metaclass-fanout
renderer/amd/sqtt.py	WAVESTART_RDNA4	field_order_	LANG-CONSTRAINED:sqtt-PacketType-metaclass-fanout
renderer/amd/sqtt.py	WAVESTART_RDNA4	fields_	LANG-CONSTRAINED:sqtt-PacketType-metaclass-fanout
renderer/amd/sqtt.py	WAVESTART_RDNA4	hasdelta_	LANG-CONSTRAINED:sqtt-PacketType-metaclass-fanout
renderer/amd/sqtt.py	WAVESTART_RDNA4	himax_	LANG-CONSTRAINED:sqtt-PacketType-metaclass-fanout
renderer/amd/sqtt.py	WAVESTART_RDNA4	mask_	LANG-CONSTRAINED:sqtt-PacketType-metaclass-fanout
renderer/cstyle.py	_ocml	emit_hip	OWNER-RULING-NEEDED:hip_ocml-emit_hip_ocml
renderer/cstyle.py	_ocml	hip	OWNER-RULING-NEEDED:hip_ocml-emit_hip_ocml
renderer/isa/x86.py	encode	_calls	OWNER-RULING-NEEDED:encode_calls
renderer/llvmir.py	lconst	_b0	OWNER-RULING-NEEDED:one-upstream-lconst-four-litmus-rows
renderer/llvmir.py	lconst	_b1	OWNER-RULING-NEEDED:one-upstream-lconst-four-litmus-rows
renderer/llvmir.py	lconst	_hex	OWNER-RULING-NEEDED:one-upstream-lconst-four-litmus-rows
renderer/llvmir.py	lconst	_neg	OWNER-RULING-NEEDED:one-upstream-lconst-four-litmus-rows
renderer/nir.py	aop	_keys	CONVENTION:table-became-accessors
renderer/nir.py	aop	_kind	CONVENTION:table-became-accessors
renderer/nir.py	aop	_of	CONVENTION:table-became-accessors
renderer/nir.py	aop	_rev_of	CONVENTION:table-became-accessors
renderer/nir.py	aop	_rows	CONVENTION:table-became-accessors
renderer/nir.py	ncast	_mid	CONVENTION:table-became-accessors
renderer/nir.py	ncast	_name	CONVENTION:table-became-accessors
renderer/nir.py	ncast	_row	CONVENTION:table-became-accessors
renderer/nir.py	ncast	_rows	CONVENTION:table-became-accessors
renderer/nir.py	nload	_align	CONVENTION:table-became-accessors
renderer/nir.py	nload	_has_access	CONVENTION:table-became-accessors
renderer/nir.py	nload	_has_align	CONVENTION:table-became-accessors
renderer/nir.py	nstore	_align	CONVENTION:table-became-accessors
renderer/nir.py	nstore	_align_str	CONVENTION:table-became-accessors
renderer/nir.py	nstore	_has_align	CONVENTION:table-became-accessors
renderer/nir.py	nstore	_mask	CONVENTION:table-became-accessors
renderer/nir.py	nstore	_srcs	CONVENTION:table-became-accessors
runtime/ops_bend.py	LANES	_SORTED	COINCIDENCE:LANES_SORTED-is-a-different-value
runtime/ops_cl.py	check	binary_	OWNER-RULING-NEEDED:binary_check-and-t_check
runtime/ops_nv.py	QMD	_SZ3	CONVENTION:class-members-flattened
runtime/ops_nv.py	QMD	_SZ5	CONVENTION:class-members-flattened
runtime/ops_nv.py	QMD	_TYPE_GRID_CTA	CONVENTION:class-members-flattened
runtime/ops_nv.py	QMD	_VER3	CONVENTION:class-members-flattened
runtime/ops_nv.py	QMD	_VER5	CONVENTION:class-members-flattened
runtime/support/autogen.py	attrs	_holds	CONVENTION:table-became-accessors
runtime/support/autogen.py	attrs	_mem	CONVENTION:table-became-accessors
runtime/support/autogen.py	fields	emit_reg_	CONVENTION:table-became-accessors
runtime/support/autogen.py	nm	gtn_t	CONVENTION:table-became-accessors
runtime/support/autogen.py	nm	record_	CONVENTION:table-became-accessors
runtime/support/c.py	record	_size_fields	CONVENTION:table-became-accessors
runtime/support/compiler_llvm.py	cerr	_depth	COINCIDENCE:cerr_depth-and-cerr_inner-are-different-concepts
runtime/support/compiler_llvm.py	cerr	_inner	COINCIDENCE:cerr_depth-and-cerr_inner-are-different-concepts
runtime/support/hcq2.py	cstruct	_cmd_rows	CONVENTION:table-became-accessors
runtime/support/hcq2.py	cstruct	_cmd_rows_k	CONVENTION:table-became-accessors
runtime/support/hcq2.py	cstruct	_ib_rows	CONVENTION:table-became-accessors
runtime/support/hcq2.py	words	peer_slot_	CONVENTION:table-became-accessors
runtime/support/hcq2.py	words	slot_	CONVENTION:table-became-accessors
runtime/support/usb.py	USB3	_ALT	CONVENTION:class-members-flattened
runtime/support/usb.py	USB3	_CONFIG	CONVENTION:class-members-flattened
runtime/support/usb.py	USB3	_CTRL_BUF	CONVENTION:class-members-flattened
runtime/support/usb.py	USB3	_IFACE	CONVENTION:class-members-flattened
runtime/support/usb.py	USB3	_LOG_LEVEL_DEBUG	CONVENTION:class-members-flattened
runtime/support/usb.py	USB3	_STRING_BUF	CONVENTION:class-members-flattened
runtime/support/usb.py	USB3	_TIMEOUT	CONVENTION:class-members-flattened
runtime/support/usb.py	is_remote	_prefix	OWNER-RULING-NEEDED:_req-and-_trace-suffixes
runtime/support/usb.py	usb_bulk	_req	OWNER-RULING-NEEDED:_req-and-_trace-suffixes
runtime/support/usb.py	usb_ctrl	_req	OWNER-RULING-NEEDED:_req-and-_trace-suffixes
runtime/support/usb.py	usb_drained	_trace	OWNER-RULING-NEEDED:_req-and-_trace-suffixes
schedule/memory.py	_can_plan	mem	OWNER-RULING-NEEDED:mem_-module-prefix
tensor.py	T	ensor	COINCIDENCE:Tensor-and-Tensors-are-upstream-classes
tensor.py	T	ensors	COINCIDENCE:Tensor-and-Tensors-are-upstream-classes
tensor.py	T	t_const	PORT-LOCAL:t_-prefixed-test-gates-for-TypeVar-T
tensor.py	T	t_repr	PORT-LOCAL:t_-prefixed-test-gates-for-TypeVar-T
uop/render.py	precedence	_of	CONVENTION:table-became-accessors
uop/render.py	precedence	has_	CONVENTION:table-became-accessors
uop/symbolic.py	const_arg	sy_	OWNER-RULING-NEEDED:sy_-module-prefix
uop/validate.py	z3_alu	_ops	CONVENTION:table-became-accessors
