path	reason	root_const	asserts_root	on_root
checks/abi4_gate.py	py-main	HERE = pathlib.Path(__file__).resolve().parent REPO = HERE.parents[0]	0	1
checks/abi_gate.py	py-main	HERE = pathlib.Path(__file__).resolve().parent REPO = HERE.parents[0]	0	1
checks/al-verdict.py	py-main	-	0	1
checks/both-census.py	py-main	HERE = pathlib.Path(__file__).resolve().parent REPO = HERE.parents[0]	1	1
checks/bounded-selftest.sh	sh-dispatch	-	1	1
checks/bounded.py	py-main	__file__.parent	0	1
checks/census.py	py-main	HERE = pathlib.Path(__file__).resolve().parent REPO = HERE.parents[0]	1	1
checks/citation-gate.py	py-main	-	0	1
checks/cl-port-gate.py	py-main	REPO = Path(__file__).resolve().parents[1]	1	1
checks/classify.sh	sh-selfref	-	1	1
checks/cli.py	py-main	-	0	1
checks/compile.py	py-main	-	0	1
checks/corpus-figure.py	py-main	ROOT = pathlib.Path(__file__).resolve().parents[1]	0	1
checks/coverage.py	py-main	__file__.parent	0	1
checks/demo.sh	sh-selfref	-	1	1
checks/devgate.py	py-main	-	0	1
checks/devpin.py	py-main	-	0	1
checks/differ.py	py-main	ROOT = Path(__file__).resolve().parents[1]	0	1
checks/disagree-gate.py	py-main	HERE = Path(__file__).resolve() ROOT = HERE.parents[1]	0	1
checks/disarm.sh	sh-selfref	-	1	1
checks/dup-census.py	py-main	HERE = pathlib.Path(__file__).resolve().parent REPO = HERE.parents[0]	1	1
checks/dup-gate.py	py-main	REPO = HERE.parents[0]	1	1
checks/e2e.py	py-main	ROOT = Path(os.environ["E2E_ROOT"] if os.environ.get("E2E_ROOT") else Path(__file__).resolve().parents[1]	1	1
checks/e2e.sh	sh-selfref	-	1	1
checks/env-precond.py	py-main	ROOT = pathlib.Path(__file__).resolve().parents[1]	0	1
checks/fw_live.py	py-main	-	0	1
checks/gate.py	py-main	HERE = pathlib.Path(__file__).resolve().parent REPO = HERE.parents[0]	1	1
checks/gate.sh	sh-selfref	-	1	1
checks/gate_dtype.py	py-main	__file__.parent	0	1
checks/gate_norm.py	py-main	HERE = pathlib.Path(__file__).resolve().parent REPO = HERE.parents[0]	1	1
checks/gen.sh	sh-selfref	-	1	1
checks/git-index-guard.py	py-main	-	0	1
checks/graphcmp-census-audit.py	py-main	-	0	1
checks/hermetic-census.py	py-main	HERE = pathlib.Path(__file__).resolve().parent REPO = HERE.parents[0]	1	1
checks/jsfix_gate.py	py-main	HERE = pathlib.Path(__file__).resolve().parent REPO = HERE.parents[0]	1	1
checks/lint_demo.sh	sh-selfref	__file__.parent	1	1
checks/lintable-gate.sh	sh-selfref	-	1	1
checks/llama.py	py-main	Path(__file__).parents[1]	0	1
checks/marker-audit.py	py-main	-	0	1
checks/nl-gate-noguard.py	py-main	HERE = pathlib.Path(__file__).resolve().parent REPO = HERE.parents[0]	1	1
checks/nl-gate.py	py-main	HERE = pathlib.Path(__file__).resolve().parent REPO = HERE.parents[0]	1	1
checks/no-shrink.py	py-main	-	0	1
checks/no-strays.py	py-main	ROOT = Path(__file__).resolve().parents[1]	0	1
checks/no-txt.py	py-main	-	0	1
checks/norm_check.py	py-main	REPO = HERE.parents[0]	1	1
checks/nvrows-deadrow-gate.py	py-main	REPO = pathlib.Path(__file__).resolve().parents[1]	1	1
checks/oracle-txt-census.py	py-main	-	0	1
checks/oracle_f64.py	py-main	ROOT = pathlib.Path(__file__).resolve().parents[1]	1	1
checks/plant.sh	sh-selfref	__file__.parent	0	1
checks/process_replay.py	py-main	-	0	1
checks/render-gate-oracle.py	py-main	-	0	1
checks/repair-dupes.py	py-main	Path(__file__).resolve().parents[1]	0	1
checks/repro-paths.py	py-main	-	0	1
checks/residue.py	py-main	__file__.parent	0	1
checks/rn-gate.py	py-main	HERE = pathlib.Path(__file__).resolve().parent REPO = HERE.parents[0]	1	1
checks/romless.py	py-main	-	0	1
checks/run-all.sh	sh-selfref	__file__.parent	1	1
checks/run-f64.sh	sh-selfref	Path(__file__).resolve().parents[1]	1	1
checks/run-port-mm.sh	sh-selfref	-	1	1
checks/run.py	py-main	-	0	1
checks/sb-gate.sh	sh-selfref	-	0	1
checks/serve.py	py-main	-	0	1
checks/slop-declare.py	py-main	__file__.parent	0	1
checks/substrate-check.sh	sh-dispatch	-	1	1
checks/substrate-id.py	py-main	ROOT = pathlib.Path(__file__).resolve().parents[1]	0	1
checks/substrate.py	py-main	Path(__file__).resolve().parents[1]	0	1
checks/sweep.py	py-main	-	0	1
checks/sz.py	py-main	-	0	1
checks/test_rewrite_bottom_up_gate.py	py-main	-	0	1
checks/txt-owners.py	py-main	-	0	1
checks/unowned.py	py-main	-	0	1
checks/vz_gate.py	py-main	__file__.parent	0	1
checks/walk-mutate.sh	sh-selfref	-	1	1
checks/wallcheck.py	py-main	-	0	1
checks/wt-sync.sh	sh-selfref	-	1	1
gates/bc-u32-gate.py	py-main	-	0	1
gates/bc-u32-gen.py	py-main	__file__.parent	0	1
gates/bc-u32-oracle.py	py-main	-	0	1
gates/bc_u32_table.py	py-main	-	0	1
gates/beautiful-mnist-gate.py	py-main	-	0	1
gates/ew-consts-gate.py	py-main	-	0	1
gates/ew-consts-oracle.py	py-main	-	0	1
gates/ew-explog-gate.py	py-main	-	0	1
gates/ew-explog-oracle.py	py-main	-	0	1
gates/gate-surface.py	py-main	__file__.parent	1	1
gates/gates-pop.py	py-main	__file__.parent	0	1
gates/gendirs.py	py-main	ROOT = Path(__file__).resolve().parents[1]	0	1
gates/git-massdelete-gate.py	py-main	ROOT = Path(__file__).resolve().parents[3]	0	0
gates/i64-shl-gate.py	py-main	-	0	1
gates/i64-shl-oracle.py	py-main	-	0	1
gates/i64-shr-gate.py	py-main	-	0	1
gates/i64-shr-oracle.py	py-main	-	0	1
gates/indexread-gate.py	py-main	-	0	1
gates/mixin-op-gate.py	py-main	-	0	1
gates/msgdiff-gate.py	py-main	ROOT = Path(__file__).resolve().parents[1]	0	1
gates/ops-core-gate.py	py-main	-	0	1
gates/ops-core-oracle.py	py-main	-	0	1
gates/render_val_s-gate.py	py-main	-	0	1
gates/replace-gate.py	py-main	-	0	1
gates/retention-check.py	py-main	ROOT = Path(__file__).resolve().parents[1]	0	1
gates/tn_add_sub-gate.py	py-main	-	0	1
gates/tn_binop2_cmp-gate.py	py-main	-	0	1
gates/tn_bitwise_not-gate.py	py-main	-	0	1
gates/tn_contiguous_backward-gate.py	py-main	-	0	1
gates/tn_detach-gate.py	py-main	-	0	1
gates/tn_dunder_neg-gate.py	py-main	-	0	1
gates/tn_logical_not-gate.py	py-main	-	0	1
gates/tn_mul-gate.py	py-main	-	0	1
gates/tn_neg-gate.py	py-main	-	0	1
gates/tn_pow-gate.py	py-main	-	0	1
gates/tn_sin_log2_exp2_rsqrt-gate.py	py-main	-	0	1
gates/tn_sqrt-gate.py	py-main	-	0	1
gates/tn_trunc_reciprocal_threefry-gate.py	py-main	-	0	1
gates/tn_where-gate.py	py-main	-	0	1
gates/uop_cast-gate.py	py-main	-	0	1
gates/wk-cd-gate.py	py-main	-	0	1
gates/wk-cd-oracle.py	py-main	-	0	1
gates/wk-eval-gate.py	py-main	-	0	1
gates/wk-eval-oracle.py	py-main	-	0	1
gates/wk-f32-gate.py	py-main	-	0	1
gates/wk-f32-rows.py	py-main	-	0	1
