. Address 0 is Python's 	
 (device.py:370) is two 	
UOp.is_variable	
i64_divmod.of	
def __add__(self, o)	
{dtypes.bool: "_Bool", dtypes.f16: "__fp16"}	
ldt(dt, count, ptr)	
 -- llvmir.py:26. 	
 copies the whole register; 	
CUDARenderer.global_max/local_max/shared_max	
Renderer.supported_dtypes()	
's while loop -- ops.py:931. 	
__init__.py:59-65	
concrete and hdev > 0 and ndev % hdev == 0	
range_map: dict[UOp, tuple[tuple[UOp,...], tuple[UOp,...]]]	
op in {PARAM, BUFFER, ALLOC, RANGE, SPECIAL}	
mv_perm*_ids	
 -- memory.py:37. 	
_collect_bufs(A)	
axis in broadcast_axes(...)	
prod(multi.shape) != prod(new_shape)	
(s, l) in part_bounds	
ATuple{ys}	
rd_fires	
spec.bend	
GroupOp.movement	
if self.fused: self.pos_params = ...	
(self.b2 * self.v[i] + (1.0 - self.b2) * (g * g)).cast(...)	
get_state_dict(obj, prefix='', tensor_type=Tensor)	
(default_int, int, long, ulong)	
 -- elementwise.py:337 -- is 	
 -- elementwise.py:225-227. The same shape with 	
[k*(i*f+d) for ...]	
ceildiv(k*(i*f+d), i)	
self.dtype if is_float(self.dtype) else float32	
 -- op.py:568-590. 	
 -- elementwise.py:830. 	
 -- op.py:709-729. 	
dtypes.is_float(dt) and dt not in dtypes.weaks	
 ONLY, and the row name says 	
 itself, which is 	
to_name(field, queue)	
PROT_READ|PROT_WRITE|PROT_EXEC	
Compiled._select_renderer	
@property def has_copy_queue(self) -> bool: return False	
. THE MAP SIZE IS 	
device.py:330	
self.cmd(EXEC, kernargs, len(args), self.event(...))	
self.cmd(COPY, dst, src, self.event(...))	
, a string -- so the format is 	
bytearray(n)	
+ j*_step	
, so each is ONE ELEMENT and EIGHT BYTES. 	
dev.init	
Pass.wait	
List.sort	
 that REPLACES the 	
blob[:4] == ELFMAG.encode()	
{ELFCLASS32: "Elf32", ELFCLASS64: "Elf64"}[blob[EI_CLASS]]	
max([...] + [0])	
symtab[R_SYM(r_info)]	
Rctx.str	
instr | getbits(tgt, s, 11) << 10	
ops_cpu.py:19/21	
(name, offset, size)	
 values are CALLS to 	
 from probe.py 	
palloc(0x1000, ...)	
REWRITE_STACK_LIMIT = 250000	
{REDUCE, END}	
partition(red.src[1:], f)	
UOp(Ops.REDUCE, src=(x,)+rngs, arg=(rop, len(rngs)))	
 CAST (dtype.py:39), 	
 is the COND and 	
l2i(WHERE, l2i(CMPLT), ...)	
x & (c - 1)	
(xr[1].cast(uint64) << 32) | xr[0].cast(uint64)	
x.alu(op)	
x.reciprocal() -> UOp.const(1.0).alu(FDIV, x)	
if up//tc_up > max_up or lcl > max_lcl: continue	
cons=None	
UOp.ended_ranges	
UOp.base	
sorted((0, 0)) != list(range(2))	
 over its own src[0] -- 	
 -- ops.py:1510. The short-circuit 	
 -- ops.py:785. 	
assert self.is_bound_var; return self.unbound(), self.arg.val	
 -- ops.py:649. 	
 on the two args 	
pm_r_sink	
repr((int, int))	
repr(str)	
UOp(Ops.RANGE, src=(CONST(end),), arg=(axis_id, at))	
acall_repr	
matches_dtype(x, dt) or x.dtype in dtypes.weaks	
x.arg == Invalid	
 -- spec.py:169, :176. 	
UPat(...).or_bitcasted()	
UPat(Ops.CONST).or_casted()	ded106b18,955037870
c.dtype in (dtypes.u32, dtypes.weakint)	
least_upper(float32, int32) = float32	
x.trunc()	
UOp.ccast(dtype)	
WHERE(cond, x, CONST(Invalid))	
fold.bend:173	
# TODO(p3)	
sorted(..., key=lambda v: v.expr)	
not (isinstance(arg, ProgramInfo) and src[-1].op is Ops.BINARY)	
data64_le(data) = (data & 0xFFFFFFFF, data >> 32)	
 -- helpers.py:23, 	
any(d.split(":", 1)[0].upper() == "DISK")	
reg_open	
def compile(self, src): return src.encode()	
rtalloc_size: int = 64<<20	
dtype.bend	
UOp.is_realized	
UOp.substitute	
 (function.py:19-25), as a 	
f"{uret.key.hex()[:8]} in {(time.perf_counter()-st)*1000:8.2f} ms: {name}"	
re.sub('\x1b\[(K|.*?m)', '', s)	
floordiv(x, y) = x//y	
floormod(x, 0)	
 -- tensor.py:118. The 	
: the UOp arm of 	
self.is_param = is_param; return self	
 -- tensor.py:138-140. 	
if self.match_dtype == (dtype,): return self	
 -- tensor.py:227-234. 	
fold.bend:2222 param_ds	
[shape_to_shape_arg(a) for a in src_args]	
 walk, tensor.py:261. 	
 has to be right about 	
 -- a WALL (	
{bfloat16: "hip_bfloat16", **{d: ("hip_fp8","hip_bf8")[fp8_index(d)] for d in fp8s}}	
 -- cstyle.py:183-185. LOCAL contributes 	
render_dtype(dt, mutable=True)	
 UNLESS f64 (cstyle.py:288-289) and HIP's 	
prefix += xs	
 extern (cstyle.py:564-566, :578). 	
half, float, double	
any(uop.dtype == dtypes.f16 for uop in uops)	
CPU._render_footer	
AMD._render_footer	
nir_llvmir.bend:181-191	
 -- nir.py:26. FOUR arms, and the fourth is the reach for 	
OpsCONST	
glsl keys	
 is the CONSTANT 	
 and nir.py:118 TAKES it, so 	
 reads nir.py:19-20 forwards and 	
 reusable, hence 	
d not in fp8s or d in amd_fp8s(arch)	
base_rewrite[0]	
, NOT ONE. MEASURED: ptx.py:198 and 208 call 	
[cast(str, r[x]) for x in u.src]	
, so the walk STOPS. 	
List<&2, Tc>	
mem_type(x)	726988fa4,1a5e896bd
 -- ptx.py:146. The filter is on 	
render_wmma(ctx, wmma)	
return AddrSpace.REG	649971f02,6b8fdfe4c,9fdeaa402,124d2f822,e2a043440,c9adde72c
gpudims.py:37	
 is the NAME string 	
:array<atomic<u32>,4>	
addr_is_reg	
x86.py:761	
Rm1st = {...} | (Rm2nd & TwoAddress)	
X86Renderer.is_two_address	
 (x86.py:190) -- 	
 REX byte (x86.py:560): their 	
dsl.py:18-20	
hi,lo,default,mask	
strict <	
sqtt.py:12	
__init__.py:39-56	
__init__.py:45-56	
__init__.py:67-80	
TODO(p3)	
allreduce.py:36-38	
allreduce.py:13-15	
allreduce.py:16	
realize_map[UOp] = None | list[int]	
O.GroupOp.movement	
 -- helpers.py, read at indexing.py:174 (	
IndexingContext.new_range	
fold.bend	
tuple(zip(lo, hi))	
hi - lo <= 8	
, the src permutation tuple -- upat.py:47) and 	
 (ops.bend:2911) is 	
 list (memory.py:43). 	
 pair of 	
a CONST uop's val	
PatternMatcher.__add__	
UPat(GroupOp.Movement, src=(UPat.var("s"),), name="v")	612e3d614,38ecefaac
UOp.axis_type	
src_axis = axis - (len(out_shape) - len(mlb.shape))	
arg_acc = [1] + accumulate(new_shape, mul)	
part_bounds.index((s,l))	
copy_to_one	
UOp.sharding	
ss_bcast_bad	
 is the four-way decision and 	
s // count if a in new_axs else s	
ParamArg(slot, dtype, size, name, addrspace, device)	
PatternMatcher.pdict	
 -- ops.py:456 -- is a DOUBLE 	
 -- ops.py:785 -- is 	
F.UOp.ended_ranges	
op is CONST and val is Invalid	
tag: Any = None	
 (ops.py:619) returns 	
None != ()	
upat.py:100-105	
(op, arg, ar, self, src)	
idx.replace(src=...)	
OnnxDataType.to_dtype()	
Optimizer.__init__	
 -- elementwise.py:480, 	
 -- elementwise.py:324, 	
LARS._step	
Tensor([lr])	
TensorIO.seek	
len(get_parameters(model))	
PurePath.as_posix()	
UOp._shape	
DTypeMixin.cast	
UOp._mop(Ops.RESHAPE|Ops.EXPAND, arg)	
 is an int CONST at weakint, 	
ParamArg(..., bind_on_realize=True)	
 at creation.py:41 and 	
DTypeMixin.dtype	
return self.cast(dtypes.X)	
 NEEDS. 	
t.cast(dt)	
UOp.const(val, dt)	
 -- elementwise.py:29-33, the inner closure of 	
 -- elementwise.py:82 -- is 	
 -- elementwise.py:327 -- is 	
elementwise.py:103	
 -- elementwise.py:324 -- is 	
 -- elementwise.py:121-123. 	
 -- elementwise.py:584 -- is 	
 -- elementwise.py:436-437. 	
 -- elementwise.py:229-259. 	
 -- elementwise.py:672 -- is 	
 -- elementwise.py:212-214. 	
tinygrad/uop/ops.py:637	
sum(1 for g in gs if g is not None)	
dtype or dtypes.from_py(b)	
ctx.cast(dt)	
UOp.const(v)	
elementwise.py:267	
 AND ITS NOTATION IS NOT XOR. 	
 in Python (	
ADD(e, MUL(CAST(1.0), CONST(-1.0)))	
any(... for x in u.src)	
oracle_*_skip_n	
oracle_*_hole_n	
 -- gradient.py:134-139. THE ACCUMULATE IS THE 	
for k, v in zip(t0.src, lgrads)	
compute_gradient(root, root_grad, targets)	
UPAT_COMPILE=1	
CAST(CONST)	
). A rule returning 	
 of a literal 1 and a dim. 	
flatten((k, o, s) for ...)	
 the stride, 	
i - d*(k-1)	
f_ = [smax(1, ceildiv(o*s - d, i)) for o,s,i,d in zip(o_,s_,i_,d_)]	6b1bae661,5efa727b8
 (movement.py:616, the MIDDLE and LAST thirds), each with its own 	
 leaves each window as 	
xs[i] for i in marg	
flatten((k, o))	
noop ++ o_ ++ k_	
zip(src[1].as_shape, src[2].as_shape)	
reshape_2_8_16 ... marg=(1,2,8,16)	
f_ = smax(1, ceildiv(o*s - d, i))	
pool_wide	
 on two of them is noisier than a 	
F32.mul(1e30, 1e30)	
dtypes.f16 | bfloat16 | *fp8s	
 -- elementwise.py:29-33, and it is HERE rather than 	
 (elementwise.py:82) -- 	
mixin/movement.py	
 -- movement.py:214. 	
 -- reduce.py:20-45. 	
 -- reduce.py:47-71. 	
prod([si for si, so in zip(shape, sum.shape) if resolve(si != so)])	
 -- elementwise.py:511, hoisted because 	
 -- mixin/elementwise.py:610. 	
mo_squeeze	
 -- op.py:663-684. 	
 -- op.py:473-494. 	
range(ndim)	
elementwise.py:29-33	
 (movement.py:576-594) for 	
op.py:74 _getitem	
{1: uint8, 2: uint16, 4: uint32, 8: uint64}[dtype.itemsize]	
 (rand.py:40-43) -- 	
 is one call into. TWO ROWS: the 	
 arm where 	
ref_dropout_p1	
 -- reduce.py:15, the 	
rc_sum_dt	
rc_prod_dt	
 -- reduce.py:138. 	
ops.py:657	
sum(axis=(0,))	
 in device.bend does. 26 rows and not 520 because 	
String.split	
subprocess.run([exe, pkt, gx, gy, gz, vals...])	
ops_cpu.py:70	
{'amd64':'x86_64', 'aarch64':'arm64'}.get(m, m) + ",native"	
assert emu == ""	
ops_cpu.py:24	
Compiled.__init__	
cu_unchecked	
 is cu:104's device id, 	
 is Python's 	
 does NOT ACCUMULATE (that is 	
D.alloc_try	
TinyELF.iter_sig(signature, offset)	
 is hp:14's device id, 	
. The five, as their own def because 	
hcq2.py:76	
HostAllocator._offset	
device.py:404	
 pulls out of 	
 as it is WRITTEN, and 	
Compiled.host	
self._view(addr, n)	
 IS the guard at device.py:328 (	
BNXTAllocator._alloc	
NullQueue.q	
cpu_host_*	
NullDevice.__init__	
 IS THE RUNNING 	
hcq2.py:366	
to_name(*parts) = "_".join(parts).replace(":", "_").lower()	
to_name.join.parts	
ops_python.py:126-127	
src_values[0][i][0]	
_load(m, i, dtype)	
tc.get_amd(arch)	
int(arch[3:]) >= 89 / 80 / 75	
ctz(v) = (v & -v).bit_length() - 1	
tinygrad/runtime/support/rdma/bnxtdev.py:12	
HostAllocator._copyin	
BNXTAllocator._map	
 at byte 8. A receive's work queue element says nothing about its length in the header, and :141 supplies it as a separate word. 	
wgpuDevicePushErrorScope(self.dev.device_res, Validation)	
ceildiv(x, y) * y	
ops_webgpu.py:113	
_anon{struct|union}{anoncnt}	
TODO(p3) c.py:12	
Field._resolve	
 bytes. Exact on the range the port supports; 	
Struct.__init__	
TODO(p3) c.py:90	
TODO(p3) c.py:127	
 (c.py:64), so a 	
round_up(ctypes.sizeof(libc.Elf64_Ehdr), 256)	
, elf.py:19 -- 	
(shstrst := section_headers[e_shstrndx].sh_offset)	
runtime/ops_cpu.py:19/21	
ELF{32,64}_R_TYPE(r_info)	
Bool.pick	
-2**31 <= v < 2**31	
-(2**25) <= v <= (2**25 - 1) * 4	
HWQueue.patches	
all_devices_in(d, c) = {x.split(":")[0] for x in to_tuple(d)} <= c	
 from hcq2-oracle.py 	
n -> n*2	
 is always FOUR bytes, 	
usb.py:137	
. TODO(p3) runtime/support/system.py:208 -- the two 	
TODO(p3) runtime/ops_amd.py:812  USB3.list_devices	
ops_amd.py:579-735	
dev_max_copy	
ops_amd.py:772	
ops_rdma.py:140	
ops_rdma.py:141	
tinygrad/schedule/__init__.py:96-101	
grw-oracle.py	
UOp.replace	
 arm is the 	
Derived.addr	
UOp(Ops.LOAD, src=(u,))	
# TODO(p3) __init__.py:412  pm.rewrite(nu, ctx)	
# TODO(p3) __init__.py:411  replaced: dict[UOp, UOp]	
r.replace(src=r.src[:off]+tuple(...))	
 -- simplify.py:86. 	
len(flatten_range.patterns)	
len(pm_reduce_unparented.patterns)	
range_start[...]	
tinygrad/helpers.py:23	
 -- dtype.py:12, 	
 -- dtype.py:97, 	
 when the dtypes already agree (	
 -- dtype.py:14-18. The SHRINK arm's 	
case ... if	
UOp.bitcast	
 at dtype.py:39 is 	
 IS THE B-SIDE NEGATION -- 	
1 * (2**k)	
. dtype.py:98 is 	
f2f_clamp_max	
ConstFloat(-1.0)	
 -- dtype.py:101-125. THREE answers: widen, narrow, or 	
WPOOL[u32][0]	
x * 2**y -> x << y	
x * -1 -> x.alu(NEG)	
x.ne(y) -> x.alu(CMPEQ, y)	
ne(...).logical_not()	
x + (-y) -> x.alu(SUB, y)	
a * (1/b) -> a.alu(FDIV, b)	
c.val - 1	
 is the get (0 for "not a power of two" AND for 	
u // 2**y -> u >> y	
!(x < c) -> c-1 < x	
-x < c -> -c < x	
 (divergence B). 	
 IS A PYTHON INT, so 	
mixin/elementwise.py:25-34	
dtype.py:84	
 -- helpers.py:153, 	
x.cast(dtypes.u64)	
mixin/dtype.py:19	
ne(0).logical_not()	
codegen/__init__.py:360	
 is transcendental.py:125's 	
polyN(x, p) = reduce(lambda acc, c: acc*x + c, p, 0.0)	
ClangRenderer.has_local = False	
, search.py:94-98, which are also 	
search.py:15-23	
 tables (regalloc.py:34-35) where 	
u32_none()	
regalloc.py:26-28	
 are the two halves of 	
tinygrad/renderer/isa/__init__.py:9-16	
 APPENDS its 	
regalloc.py:23	
get(data, key)	
name.contains(k)	
 IS NOT CALLED. It is 	
(st, en, dur, e)	
list[Decimal]	
ops.py:406	
UOp.addrspace	
case Ops.EXPAND: return tuple(self.marg) + ps	
int(x).bit_length()	
ops.py:1110	
, EMPTY, and ops.py:408's 	
UOp.ranges	
dt_shape	
 (through the NOOP, ops.py:441's 	
all(x >= 0)	
UOp.variable(name, lo, hi)	
resolve(..., False)	
 ITSELF (ops.py:108), so 	
bool(sx.vmin) if sx.vmin == sx.vmax else False	
 is EMPTY, which 	
 -- ops.py:456, which is 	
all(x.shape == () for x in xs)	
movement.py:14	
movement.py:8	
 (ops.py:1504) is 	
mop_cleanup.rewrite	
AxisType.__lt__	
axis_to_pos	ad117c928,6c5fa349e
CallInfo.__repr__	
self.src_without_body	
ops.py:201	
, the RAW argument, which 	
 normalisation -- ops.py:1463-1468, the 	
UPat(Ops.CAST, dtype, (self,))	
 -- ops.py:1480. 	
 -- ops.py:1485. Every field is carried across, and 	
 -- ops.py:1495-1501. 	
 -- ops.py:1516. 	
 -- ops.py:925. NOT a peel: Python walks while 	
 -- ops.py:624. 	
UOp.const(x, dtype=dtypes.weakint)	
ops.py:652 _rop	
ops.py:818 _mop	
ops.py:1224 UOp.set	
ParamArg.addrspace	
 -- ops.py:606. 	
 -- ops.py:562. 	
 -- ops.py:663. 	
 -- ops.py:671. 	
 -- ops.py:640. 	
 -- ops.py:578. 	
 -- ops.py:613. 	
 -- ops.py:622. 	
 -- ops.py:844. 	
eq_customfunction	
type(tag)	
# TODO(p3) render.py:45	
ParamArg.__repr__	
 -- render.py:25. 	
 -- ops.py:782. 	
matches_dtype(x, dt)	
(ids..., axis_type)	
, and that is wrong for 	
C if b else None	
X or CAST(X)	
UPat(Ops.CONST, ...)	
 in every table EXCEPT 	
, and the row that COULD NOT BE WRITTEN while 	
UOp.dtype	
 for a PyConst, which is what 	
x.replace(src=...)	
UOp.const_like(b, dtype=None)	
UOp.cconst(b, dtype)	
UOp.uprod(*us)	
UOp.split_uop	
dt.const({ADD:0, MUL:1, MAX:dt.min}[op])	
UOp.pop_const(op=Ops.ADD)	
exec_alu.of2	
if ... else	
cast(...)	
dt = promo_dtype(a.src)	
PatternMatcher.rewrite	
symbolic.py:91	
symbolic.py:158	
AND(CONST(True), CONST(False))	
coalesce.py:105	
 is the pair it returns: 	
GE(right, left)	
, negatives as 	
 arm differs from 	
Dt.is_int or Dt.is_bool	
UOp.variable(name, vmin, vmax)	
dv_range_global	
ops.py:83-84	
's CONSTANT arm, validate.py:21: 	
validate.py:16	
ParamArg.device is None	
UOp._eval	
if not rej.issubset(ler): continue	
UOp.const(v, dtypes.f16)	
@rewrite_group(lambda ...: f"JIT {pluralize('call', len(linear.src))}")	
 (jit.py:85). Python's 	
 IS THE NODE. jit.py:19 and :21 both append 	
 (ops.py:905). BOTH halves are the 	
if capturing: raise RuntimeError(...)	
 are jit.py:109's 	
 -- ops.py:1026, 	
ast.arg.outs, ast.arg.ins	
call.replace(src=(that, *call.src[1:]))	
_WorkerContext.Process	
isinstance(x.arg, CallInfo) and x.dtype is x.arg.dtype	ad117c928,6f4bfde23
UOp.pop_const_hits	
wk_is_virtual	
 (helpers.py:24) -- 	
codegen/opt/postrange.py:239	
 (tinygrad/helpers.py:24) -- 	
tinygrad/codegen/opt/postrange.py:239	
