tmap BASE 	tmap_row("tmap BASE ", dev_base())	"float8_e4m3,float8_e5m2,float8_e4m3fnuz,float8_e5m2fnuz,half,__bf16,float,double,unsigned char,unsigned short,unsigned int,unsigned long,signed char,short,int,long,bool"
tmap CLANG	tmap_row("tmap CLANG", dev_clang())	"float8_e4m3,float8_e5m2,float8_e4m3fnuz,float8_e5m2fnuz,__fp16,__bf16,float,double,unsigned char,unsigned short,unsigned int,unsigned long,signed char,short,int,long,_Bool"
tmap OPENCL	tmap_row("tmap OPENCL", dev_opencl())	"float8_e4m3,float8_e5m2,float8_e4m3fnuz,float8_e5m2fnuz,half,ushort,float,double,uchar,ushort,uint,ulong,char,short,int,long,bool"
tmap METAL	tmap_row("tmap METAL", dev_metal())	"float8_e4m3,float8_e5m2,float8_e4m3fnuz,float8_e5m2fnuz,half,bfloat,float,double,unsigned char,unsigned short,uint,unsigned long,signed char,short,int,long,bool"
tmap CUDA 	tmap_row("tmap CUDA ", dev_cuda())	"__nv_fp8_e4m3,__nv_fp8_e5m2,float8_e4m3fnuz,float8_e5m2fnuz,half,nv_bfloat16,float,double,unsigned char,unsigned short,uint,unsigned long,signed char,short,int,long,bool"
tmap HIP  	tmap_row("tmap HIP  ", dev_hip())	"hip_fp8,hip_bf8,hip_fp8,hip_bf8,half,hip_bfloat16,float,double,unsigned char,unsigned short,unsigned int,unsigned long,signed char,short,int,long,bool"
rd BASE  float	rd_row("rd BASE ", dev_base(), S.single())	"float*|float*|float|float|float4|float2*|read_only image2d_t"
rd CLANG float	rd_row("rd CLANG", dev_clang(), S.single())	"float*|float*|float|float|float4|float2*|read_only image2d_t"
rd OPENCL float	rd_row("rd OPENCL", dev_opencl(), S.single())	"__global float*|__local float*|float|float|float4|float2*|read_only image2d_t"
rd METAL float	rd_row("rd METAL", dev_metal(), S.single())	"device float*|threadgroup __attribute__((aligned(16))) float*|float|float|float4|float2*|read_only image2d_t"
rd CUDA  float	rd_row("rd CUDA ", dev_cuda(), S.single())	"float*|float*|float|float|float4|float2*|read_only image2d_t"
rd HIP   float	rd_row("rd HIP  ", dev_hip(), S.single())	"float*|float*|float|float|float4|float2*|read_only image2d_t"
rd BASE  half	rd_row("rd BASE ", dev_base(), S.half())	"half*|half*|half|half|half4|half2*|read_only image2d_t"
rd CLANG half	rd_row("rd CLANG", dev_clang(), S.half())	"__fp16*|__fp16*|__fp16|__fp16|__fp164|__fp162*|read_only image2d_t"
rd OPENCL half	rd_row("rd OPENCL", dev_opencl(), S.half())	"__global half*|__local half*|half|half|half4|half2*|read_only image2d_t"
rd METAL half	rd_row("rd METAL", dev_metal(), S.half())	"device half*|threadgroup __attribute__((aligned(16))) half*|half|half|half4|half2*|read_only image2d_t"
rd CUDA  half	rd_row("rd CUDA ", dev_cuda(), S.half())	"half*|half*|half|half|half4|half2*|read_only image2d_t"
rd HIP   half	rd_row("rd HIP  ", dev_hip(), S.half())	"half*|half*|half|half|half4|half2*|read_only image2d_t"
rd BASE  __bf16	rd_row("rd BASE ", dev_base(), S.bfloat16())	"__bf16*|__bf16*|__bf16|__bf16|__bf164|__bf162*|read_only image2d_t"
rd CLANG __bf16	rd_row("rd CLANG", dev_clang(), S.bfloat16())	"__bf16*|__bf16*|__bf16|__bf16|__bf164|__bf162*|read_only image2d_t"
rd OPENCL __bf16	rd_row("rd OPENCL", dev_opencl(), S.bfloat16())	"__global ushort*|__local ushort*|ushort|ushort|ushort4|ushort2*|read_only image2d_t"
rd METAL __bf16	rd_row("rd METAL", dev_metal(), S.bfloat16())	"device bfloat*|threadgroup __attribute__((aligned(16))) bfloat*|bfloat|bfloat|bfloat4|bfloat2*|read_only image2d_t"
rd CUDA  __bf16	rd_row("rd CUDA ", dev_cuda(), S.bfloat16())	"nv_bfloat16*|nv_bfloat16*|nv_bfloat16|nv_bfloat16|nv_bfloat164|nv_bfloat162*|read_only image2d_t"
rd HIP   __bf16	rd_row("rd HIP  ", dev_hip(), S.bfloat16())	"hip_bfloat16*|hip_bfloat16*|hip_bfloat16|hip_bfloat16|hip_bfloat164|hip_bfloat162*|read_only image2d_t"
rd BASE  bool	rd_row("rd BASE ", dev_base(), S.boolean())	"bool*|bool*|bool|bool|bool4|bool2*|read_only image2d_t"
rd CLANG bool	rd_row("rd CLANG", dev_clang(), S.boolean())	"_Bool*|_Bool*|_Bool|_Bool|_Bool4|_Bool2*|read_only image2d_t"
rd OPENCL bool	rd_row("rd OPENCL", dev_opencl(), S.boolean())	"__global bool*|__local bool*|bool|bool|bool4|bool2*|read_only image2d_t"
rd METAL bool	rd_row("rd METAL", dev_metal(), S.boolean())	"device bool*|threadgroup __attribute__((aligned(16))) bool*|bool|bool|bool4|bool2*|read_only image2d_t"
rd CUDA  bool	rd_row("rd CUDA ", dev_cuda(), S.boolean())	"bool*|bool*|bool|bool|bool4|bool2*|read_only image2d_t"
rd HIP   bool	rd_row("rd HIP  ", dev_hip(), S.boolean())	"bool*|bool*|bool|bool|bool4|bool2*|read_only image2d_t"
rd BASE  unsigned char	rd_row("rd BASE ", dev_base(), S.uint8())	"unsigned char*|unsigned char*|unsigned char|unsigned char|unsigned_char4|unsigned_char2*|read_only image2d_t"
rd CLANG unsigned char	rd_row("rd CLANG", dev_clang(), S.uint8())	"unsigned char*|unsigned char*|unsigned char|unsigned char|unsigned_char4|unsigned_char2*|read_only image2d_t"
rd OPENCL unsigned char	rd_row("rd OPENCL", dev_opencl(), S.uint8())	"__global uchar*|__local uchar*|uchar|uchar|uchar4|uchar2*|read_only image2d_t"
rd METAL unsigned char	rd_row("rd METAL", dev_metal(), S.uint8())	"device unsigned char*|threadgroup __attribute__((aligned(16))) unsigned char*|unsigned char|unsigned char|unsigned_char4|unsigned_char2*|read_only image2d_t"
rd CUDA  unsigned char	rd_row("rd CUDA ", dev_cuda(), S.uint8())	"unsigned char*|unsigned char*|unsigned char|unsigned char|unsigned_char4|unsigned_char2*|read_only image2d_t"
rd HIP   unsigned char	rd_row("rd HIP  ", dev_hip(), S.uint8())	"unsigned char*|unsigned char*|unsigned char|unsigned char|unsigned_char4|unsigned_char2*|read_only image2d_t"
rd BASE  float8_e4m3	rd_row("rd BASE ", dev_base(), S.fp8e4m3())	"float8_e4m3*|float8_e4m3*|float8_e4m3|float8_e4m3|float8_e4m34|float8_e4m32*|read_only image2d_t"
rd CLANG float8_e4m3	rd_row("rd CLANG", dev_clang(), S.fp8e4m3())	"float8_e4m3*|float8_e4m3*|float8_e4m3|float8_e4m3|float8_e4m34|float8_e4m32*|read_only image2d_t"
rd OPENCL float8_e4m3	rd_row("rd OPENCL", dev_opencl(), S.fp8e4m3())	"__global float8_e4m3*|__local float8_e4m3*|float8_e4m3|float8_e4m3|float8_e4m34|float8_e4m32*|read_only image2d_t"
rd METAL float8_e4m3	rd_row("rd METAL", dev_metal(), S.fp8e4m3())	"device float8_e4m3*|threadgroup __attribute__((aligned(16))) float8_e4m3*|float8_e4m3|float8_e4m3|float8_e4m34|float8_e4m32*|read_only image2d_t"
rd CUDA  float8_e4m3	rd_row("rd CUDA ", dev_cuda(), S.fp8e4m3())	"__nv_fp8_e4m3*|__nv_fp8_e4m3*|__nv_fp8_e4m3|__nv_fp8_e4m3|__nv_fp8_e4m34|__nv_fp8_e4m32*|read_only image2d_t"
rd HIP   float8_e4m3	rd_row("rd HIP  ", dev_hip(), S.fp8e4m3())	"hip_fp8*|hip_fp8*|hip_fp8|hip_fp8|hip_fp84|hip_fp82*|read_only image2d_t"
rd BASE  int	rd_row("rd BASE ", dev_base(), S.int32())	"int*|int*|int|int|int4|int2*|read_only image2d_t"
rd CLANG int	rd_row("rd CLANG", dev_clang(), S.int32())	"int*|int*|int|int|int4|int2*|read_only image2d_t"
rd OPENCL int	rd_row("rd OPENCL", dev_opencl(), S.int32())	"__global int*|__local int*|int|int|int4|int2*|read_only image2d_t"
rd METAL int	rd_row("rd METAL", dev_metal(), S.int32())	"device int*|threadgroup __attribute__((aligned(16))) int*|int|int|int4|int2*|read_only image2d_t"
rd CUDA  int	rd_row("rd CUDA ", dev_cuda(), S.int32())	"int*|int*|int|int|int4|int2*|read_only image2d_t"
rd HIP   int	rd_row("rd HIP  ", dev_hip(), S.int32())	"int*|int*|int|int|int4|int2*|read_only image2d_t"
witem BASE 	witem_row("witem BASE ", dev_base())	" / "
witem CLANG	witem_row("witem CLANG", dev_clang())	" / "
witem OPENCL	witem_row("witem OPENCL", dev_opencl())	"get_group_id(0) / get_local_id(0)"
witem METAL	witem_row("witem METAL", dev_metal())	"gid.x / lid.x"
witem CUDA 	witem_row("witem CUDA ", dev_cuda())	"blockIdx.x / threadIdx.x"
witem HIP  	witem_row("witem HIP  ", dev_hip())	"__ockl_get_group_id(0) / __ockl_get_local_id(0)"
cfo BASE  SQRT       f32	cfo_row("cfo BASE ", dev_base(), O.OpsSQRT{}, "f32", S.single())	"sqrt(X)"
cfo BASE  SQRT       f16	cfo_row("cfo BASE ", dev_base(), O.OpsSQRT{}, "f16", S.half())	"sqrt(X)"
cfo BASE  SQRT       f64	cfo_row("cfo BASE ", dev_base(), O.OpsSQRT{}, "f64", S.double())	"sqrt(X)"
cfo BASE  NEG        f32	cfo_row("cfo BASE ", dev_base(), O.OpsNEG{}, "f32", S.single())	"-X"
cfo BASE  RECIPROCAL f32	cfo_row("cfo BASE ", dev_base(), O.OpsRECIPROCAL{}, "f32", S.single())	"(1/X)"
cfo BASE  RECIPROCAL f16	cfo_row("cfo BASE ", dev_base(), O.OpsRECIPROCAL{}, "f16", S.half())	"(1/X)"
cfo BASE  EXP2       f32	cfo_row("cfo BASE ", dev_base(), O.OpsEXP2{}, "f32", S.single())	"exp2(X)"
cfo BASE  LOG2       f32	cfo_row("cfo BASE ", dev_base(), O.OpsLOG2{}, "f32", S.single())	"log2(X)"
cfo BASE  SIN        f32	cfo_row("cfo BASE ", dev_base(), O.OpsSIN{}, "f32", S.single())	"sin(X)"
cfo BASE  TRUNC      f32	cfo_row("cfo BASE ", dev_base(), O.OpsTRUNC{}, "f32", S.single())	"trunc(X)"
cfo BASE  ADD        f32	cfo_row("cfo BASE ", dev_base(), O.OpsADD{}, "f32", S.single())	"(X+Y)"
cfo BASE  SUB        f32	cfo_row("cfo BASE ", dev_base(), O.OpsSUB{}, "f32", S.single())	"(X-Y)"
cfo BASE  MUL        f32	cfo_row("cfo BASE ", dev_base(), O.OpsMUL{}, "f32", S.single())	"(X*Y)"
cfo BASE  CDIV       f32	cfo_row("cfo BASE ", dev_base(), O.OpsCDIV{}, "f32", S.single())	"(X/Y)"
cfo BASE  CMOD       f32	cfo_row("cfo BASE ", dev_base(), O.OpsCMOD{}, "f32", S.single())	"(X%Y)"
cfo BASE  SHR        f32	cfo_row("cfo BASE ", dev_base(), O.OpsSHR{}, "f32", S.single())	"(X>>Y)"
cfo BASE  SHL        f32	cfo_row("cfo BASE ", dev_base(), O.OpsSHL{}, "f32", S.single())	"(X<<Y)"
cfo BASE  CMPLT      f32	cfo_row("cfo BASE ", dev_base(), O.OpsCMPLT{}, "f32", S.single())	"(X<Y)"
cfo BASE  CMPEQ      f32	cfo_row("cfo BASE ", dev_base(), O.OpsCMPEQ{}, "f32", S.single())	"(X==Y)"
cfo BASE  CMPNE      f32	cfo_row("cfo BASE ", dev_base(), O.OpsCMPNE{}, "f32", S.single())	"(X!=Y)"
cfo BASE  AND        f32	cfo_row("cfo BASE ", dev_base(), O.OpsAND{}, "f32", S.single())	"(X&Y)"
cfo BASE  OR         f32	cfo_row("cfo BASE ", dev_base(), O.OpsOR{}, "f32", S.single())	"(X|Y)"
cfo BASE  XOR        f32	cfo_row("cfo BASE ", dev_base(), O.OpsXOR{}, "f32", S.single())	"(X^Y)"
cfo BASE  FDIV       f32	cfo_row("cfo BASE ", dev_base(), O.OpsFDIV{}, "f32", S.single())	""
cfo CLANG SQRT       f32	cfo_row("cfo CLANG", dev_clang(), O.OpsSQRT{}, "f32", S.single())	"__builtin_sqrtf(X)"
cfo CLANG SQRT       f16	cfo_row("cfo CLANG", dev_clang(), O.OpsSQRT{}, "f16", S.half())	"__builtin_sqrtf(X)"
cfo CLANG SQRT       f64	cfo_row("cfo CLANG", dev_clang(), O.OpsSQRT{}, "f64", S.double())	"__builtin_sqrt(X)"
cfo CLANG TRUNC      f32	cfo_row("cfo CLANG", dev_clang(), O.OpsTRUNC{}, "f32", S.single())	"__builtin_truncf(X)"
cfo CLANG TRUNC      f64	cfo_row("cfo CLANG", dev_clang(), O.OpsTRUNC{}, "f64", S.double())	"__builtin_trunc(X)"
cfo CLANG FDIV       f32	cfo_row("cfo CLANG", dev_clang(), O.OpsFDIV{}, "f32", S.single())	"(X/Y)"
cfo CLANG EXP2       f32	cfo_row("cfo CLANG", dev_clang(), O.OpsEXP2{}, "f32", S.single())	""
cfo CLANG LOG2       f32	cfo_row("cfo CLANG", dev_clang(), O.OpsLOG2{}, "f32", S.single())	""
cfo CLANG SIN        f32	cfo_row("cfo CLANG", dev_clang(), O.OpsSIN{}, "f32", S.single())	""
cfo CLANG RECIPROCAL f32	cfo_row("cfo CLANG", dev_clang(), O.OpsRECIPROCAL{}, "f32", S.single())	""
cfo CLANG ADD        f32	cfo_row("cfo CLANG", dev_clang(), O.OpsADD{}, "f32", S.single())	"(X+Y)"
cfo METAL SIN        f32	cfo_row("cfo METAL", dev_metal(), O.OpsSIN{}, "f32", S.single())	"precise::sin(X)"
cfo METAL SIN        f16	cfo_row("cfo METAL", dev_metal(), O.OpsSIN{}, "f16", S.half())	"precise::sin(X)"
cfo METAL SQRT       f32	cfo_row("cfo METAL", dev_metal(), O.OpsSQRT{}, "f32", S.single())	"sqrt(X)"
cfo METAL FDIV       f32	cfo_row("cfo METAL", dev_metal(), O.OpsFDIV{}, "f32", S.single())	""
cfo CUDA  SQRT       f16	cfo_row("cfo CUDA ", dev_cuda(), O.OpsSQRT{}, "f16", S.half())	"hsqrt(X)"
cfo CUDA  SQRT       f32	cfo_row("cfo CUDA ", dev_cuda(), O.OpsSQRT{}, "f32", S.single())	"sqrt(X)"
cfo CUDA  TRUNC      f16	cfo_row("cfo CUDA ", dev_cuda(), O.OpsTRUNC{}, "f16", S.half())	"htrunc(X)"
cfo CUDA  TRUNC      f32	cfo_row("cfo CUDA ", dev_cuda(), O.OpsTRUNC{}, "f32", S.single())	"trunc(X)"
cfo CUDA  SIN        f16	cfo_row("cfo CUDA ", dev_cuda(), O.OpsSIN{}, "f16", S.half())	"hsin(X)"
cfo CUDA  LOG2       f16	cfo_row("cfo CUDA ", dev_cuda(), O.OpsLOG2{}, "f16", S.half())	"hlog2(X)"
cfo CUDA  EXP2       f16	cfo_row("cfo CUDA ", dev_cuda(), O.OpsEXP2{}, "f16", S.half())	"hexp2(X)"
cfo CUDA  RECIPROCAL f16	cfo_row("cfo CUDA ", dev_cuda(), O.OpsRECIPROCAL{}, "f16", S.half())	"hrcp(X)"
cfo CUDA  RECIPROCAL f32	cfo_row("cfo CUDA ", dev_cuda(), O.OpsRECIPROCAL{}, "f32", S.single())	"(1/X)"
cfo CUDA  SQRT       f64	cfo_row("cfo CUDA ", dev_cuda(), O.OpsSQRT{}, "f64", S.double())	"sqrt(X)"
cfo CUDA  SQRT       bf16	cfo_row("cfo CUDA ", dev_cuda(), O.OpsSQRT{}, "bf16", S.bfloat16())	"hsqrt(X)"
cfo CUDA  SIN        bf16	cfo_row("cfo CUDA ", dev_cuda(), O.OpsSIN{}, "bf16", S.bfloat16())	"hsin(X)"
cfo CUDA  TRUNC      bf16	cfo_row("cfo CUDA ", dev_cuda(), O.OpsTRUNC{}, "bf16", S.bfloat16())	"htrunc(X)"
cfo CUDA  LOG2       bf16	cfo_row("cfo CUDA ", dev_cuda(), O.OpsLOG2{}, "bf16", S.bfloat16())	"hlog2(X)"
cfo CUDA  EXP2       bf16	cfo_row("cfo CUDA ", dev_cuda(), O.OpsEXP2{}, "bf16", S.bfloat16())	"hexp2(X)"
cfo CUDA  RECIPROCAL bf16	cfo_row("cfo CUDA ", dev_cuda(), O.OpsRECIPROCAL{}, "bf16", S.bfloat16())	"hrcp(X)"
cfo CUDA  FDIV       f32	cfo_row("cfo CUDA ", dev_cuda(), O.OpsFDIV{}, "f32", S.single())	""
cfo HIP   SQRT       f16	cfo_row("cfo HIP  ", dev_hip(), O.OpsSQRT{}, "f16", S.half())	"__ocml_sqrt_f16(X)"
cfo HIP   SQRT       f32	cfo_row("cfo HIP  ", dev_hip(), O.OpsSQRT{}, "f32", S.single())	"__ocml_sqrt_f32(X)"
cfo HIP   SQRT       f64	cfo_row("cfo HIP  ", dev_hip(), O.OpsSQRT{}, "f64", S.double())	"__ocml_sqrt_f64(X)"
cfo HIP   TRUNC      f16	cfo_row("cfo HIP  ", dev_hip(), O.OpsTRUNC{}, "f16", S.half())	"__ocml_trunc_f16(X)"
cfo HIP   SIN        f32	cfo_row("cfo HIP  ", dev_hip(), O.OpsSIN{}, "f32", S.single())	"__ocml_sin_f32(X)"
cfo HIP   LOG2       f32	cfo_row("cfo HIP  ", dev_hip(), O.OpsLOG2{}, "f32", S.single())	"__ocml_log2_f32(X)"
cfo HIP   EXP2       f16	cfo_row("cfo HIP  ", dev_hip(), O.OpsEXP2{}, "f16", S.half())	"__ocml_exp2_f16(X)"
cfo HIP   RECIPROCAL f32	cfo_row("cfo HIP  ", dev_hip(), O.OpsRECIPROCAL{}, "f32", S.single())	"(1/X)"
cfo HIP   SQRT       bf16	cfo_row("cfo HIP  ", dev_hip(), O.OpsSQRT{}, "bf16", S.bfloat16())	"__ocml_sqrt_f32(X)"
cfo HIP   TRUNC      bf16	cfo_row("cfo HIP  ", dev_hip(), O.OpsTRUNC{}, "bf16", S.bfloat16())	"__ocml_trunc_f32(X)"
cfo OPENCL SIN        f32	cfo_row("cfo OPENCL", dev_opencl(), O.OpsSIN{}, "f32", S.single())	"sin(X)"
cfo OPENCL SQRT       f16	cfo_row("cfo OPENCL", dev_opencl(), O.OpsSQRT{}, "f16", S.half())	"sqrt(X)"
cfo BASE  WHERE      f32	cfo_where_row("cfo BASE ", dev_base())	"(X?Y:Z)"
cfo CLANG WHERE      f32	cfo_where_row("cfo CLANG", dev_clang())	"(X?Y:Z)"
kern BASE  lb=1	kern_row("kern BASE ", dev_base(), 1)	"void"
kern CLANG lb=4	kern_row("kern CLANG", dev_clang(), 4)	"void"
kern OPENCL lb=1	kern_row("kern OPENCL", dev_opencl(), 1)	"__kernel void"
kern METAL lb=1	kern_row("kern METAL", dev_metal(), 1)	"kernel void"
kern CUDA  lb=1	kern_row("kern CUDA ", dev_cuda(), 1)	"extern \"C\" __global__ void __launch_bounds__(1)"
kern CUDA  lb=4	kern_row("kern CUDA ", dev_cuda(), 4)	"extern \"C\" __global__ void __launch_bounds__(4)"
kern HIP   lb=1	kern_row("kern HIP  ", dev_hip(), 1)	"extern \"C\" __attribute__((global)) void __attribute__((amdgpu_flat_work_group_size(1, 1)))"
kern HIP   lb=4	kern_row("kern HIP  ", dev_hip(), 4)	"extern \"C\" __attribute__((global)) void __attribute__((amdgpu_flat_work_group_size(1, 4)))"
idx BASE  sz1 k0 	idx_row("idx BASE  sz1 k0 ", dev_base(), S.Aalu{}, 1, "R", g_cidx(0))	"B.x"
idx BASE  sz8 k0 	idx_row("idx BASE  sz8 k0 ", dev_base(), S.Aalu{}, 8, "R", g_cidx(0))	"B[0]"
idx BASE  sz1 k1 	idx_row("idx BASE  sz1 k1 ", dev_base(), S.Aalu{}, 1, "R", g_cidx(1))	"B.y"
idx BASE  sz1 k3 	idx_row("idx BASE  sz1 k3 ", dev_base(), S.Aalu{}, 1, "R", g_cidx(3))	"B.w"
idx CLANG sz1 k0 	idx_row("idx CLANG sz1 k0 ", dev_clang(), S.Aalu{}, 1, "R", g_cidx(0))	"B[0]"
idx CLANG sz8 k0 	idx_row("idx CLANG sz8 k0 ", dev_clang(), S.Aalu{}, 8, "R", g_cidx(0))	"B[0]"
idx OPENCLsz1 k0 	idx_row("idx OPENCLsz1 k0 ", dev_opencl(), S.Aalu{}, 1, "R", g_cidx(0))	"B.x"
idx OPENCLsz8 k0 	idx_row("idx OPENCLsz8 k0 ", dev_opencl(), S.Aalu{}, 8, "R", g_cidx(0))	"B[0]"
idx CUDA  sz8 k0 	idx_row("idx CUDA  sz8 k0 ", dev_cuda(), S.Aalu{}, 8, "R", g_cidx(0))	"B.x"
idx CUDA  sz16k0	idx_row("idx CUDA  sz16k0", dev_cuda(), S.Aalu{}, 16, "R", g_cidx(0))	"B[0]"
idx CUDA  sz8 k1 	idx_row("idx CUDA  sz8 k1 ", dev_cuda(), S.Aalu{}, 8, "R", g_cidx(1))	"B.y"
idx CUDA  sz8 k3 	idx_row("idx CUDA  sz8 k3 ", dev_cuda(), S.Aalu{}, 8, "R", g_cidx(3))	"B.w"
idx HIP   sz1 k0 	idx_row("idx HIP   sz1 k0 ", dev_hip(), S.Aalu{}, 1, "R", g_cidx(0))	"B.x"
idx METAL sz1 k0 	idx_row("idx METAL sz1 k0 ", dev_metal(), S.Aalu{}, 1, "R", g_cidx(0))	"B.x"
idx BASE  lane   	idx_row("idx BASE  lane   ", dev_base(), S.Aalu{}, 1, "R", g_lane())	"(B)[R]"
idx CLANG lane   	idx_row("idx CLANG lane   ", dev_clang(), S.Aalu{}, 16, "R", g_lane())	"(B)[R]"
idx HIP   lane   	idx_row("idx HIP   lane   ", dev_hip(), S.Aalu{}, 16, "R", g_lane())	"(B)[R]"
idx BASE  regadd 	idx_row("idx BASE  regadd ", dev_base(), S.AReg{}, 1, "(R)", g_cadd0())	"(B+R)"
idx BASE  regnoad	idx_row("idx BASE  regnoad", dev_base(), S.AReg{}, 1, "(R)", g_cidx(0))	"(B+(R))"
idx HIP   regadd 	idx_row("idx HIP   regadd ", dev_hip(), S.AReg{}, 1, "(R)", g_cadd0())	"(B+R)"
type BASE  stk4  	type_row("type BASE  stk4  ", dev_base(), S.single(), 4, S.Aalu{}, O.OpsSTACK{})	"float4"
type BASE  regidx	type_row("type BASE  regidx", dev_base(), S.single(), 1, S.AReg{}, O.OpsINDEX{})	"float*"
type BASE  scalar	type_row("type BASE  scalar", dev_base(), S.single(), 1, S.Aalu{}, O.OpsCAST{})	"float"
type OPENCLglob 	type_row("type OPENCLglob ", dev_opencl(), S.single(), 1, S.AGlobal{}, O.OpsINDEX{})	"__global float*"
type METAL glob 	type_row("type METAL glob ", dev_metal(), S.single(), 1, S.AGlobal{}, O.OpsINDEX{})	"device float*"
ptr  BASE  stk4  	ptr_row("ptr  BASE  stk4  ", dev_base(), S.single(), 4, S.single(), "S")	"((float4*)(S))"
ptr  BASE  bitcast	ptr_row("ptr  BASE  bitcast", dev_base(), S.int32(), 1, S.single(), "V")	"((int*)(V))"
acc  BASE  stk4  	acc_row("acc  BASE  stk4  ", dev_base(), S.single(), 4, S.single(), "S")	"*((float4*)(S))"
acc  BASE  plain 	acc_row("acc  BASE  plain ", dev_base(), S.single(), 1, S.single(), "V")	"*V"
cast BASE  half  	cast_row("cast BASE  half  ", dev_base(), S.half())	"(half)(V)"
cast CLANG half  	cast_row("cast CLANG half  ", dev_clang(), S.half())	"(__fp16)(V)"
leg  BASE  float	legacy_row("leg  BASE  ", dev_base(), S.single())	"float"
leg  CLANG half	legacy_row("leg  CLANG ", dev_clang(), S.half())	"__fp16"
leg  CLANG bool	legacy_row("leg  CLANG ", dev_clang(), S.boolean())	"_Bool"
buf2 BASE  LOC   	buf_row("buf2 BASE  LOC   ", dev_base(), S.ALocal{}, "L0")	"float L0[1];"
buf2 OPENCLLOC   	buf_row("buf2 OPENCLLOC   ", dev_opencl(), S.ALocal{}, "L0")	"__attribute__ ((aligned (16))) __local float L0[1];"
buf2 CUDA  LOC   	buf_row("buf2 CUDA  LOC   ", dev_cuda(), S.ALocal{}, "L0")	"__shared__ __align__(16) float L0[1];"
buf2 HIP   LOC   	buf_row("buf2 HIP   LOC   ", dev_hip(), S.ALocal{}, "L0")	"__attribute__((shared, aligned(16)))float L0[1];"
buf2 METAL LOC   	buf_row("buf2 METAL LOC   ", dev_metal(), S.ALocal{}, "L0")	"threadgroup __attribute__((aligned(16))) float L0[1];"
buf2 OPENCLGLOB  	buf_row("buf2 OPENCLGLOB  ", dev_opencl(), S.AGlobal{}, "G")	"float G[1];"
buf2 CUDA  GLOB  	buf_row("buf2 CUDA  GLOB  ", dev_cuda(), S.AGlobal{}, "G")	"float G[1];"
buf2 METAL GLOB  	buf_row("buf2 METAL GLOB  ", dev_metal(), S.AGlobal{}, "G")	"float G[1];"
buf2 HIP   sz16  	buf_sz_row("buf2 HIP   sz16  ", dev_hip())	"__attribute__((shared, aligned(16)))half L0[16];"
wmma 16_16_16 half 	wmma_row("wmma 16_16_16 half ", wmma_arg([16, 16, 16], S.half()), S.half())	"WMMA_16_16_16_half_half"
wmma 16_16_16 i8   	wmma_row("wmma 16_16_16 i8   ", wmma_arg([16, 16, 16], S.int8()), S.int8())	"WMMA_16_16_16_signed_char_signed_char"
wmma 8_8_32   bf16 	wmma_row("wmma 8_8_32   bf16 ", wmma_arg([8, 8, 32], S.bfloat16()), S.bfloat16())	"WMMA_8_8_32___bf16___bf16"
wmma 16_16_128 fp8 	wmma_row("wmma 16_16_128 fp8 ", wmma_arg([16, 16, 128], S.fp8e4m3()), S.fp8e4m3())	"WMMA_16_16_128_float8_e4m3_float8_e4m3"
under float       	under_row("under float       ", "float")	"float"
under signed char 	under_row("under signed char ", "signed char")	"signed_char"
under unsigned lon	under_row("under unsigned lon", "unsigned long")	"unsigned_long"
img BASE  write   	img_row("img BASE  write   ", True{})	"write_only image2d_t"
img BASE  read    	img_row("img BASE  read    ", False{})	"read_only image2d_t"
img OPENCLwrite   	img_row("img OPENCLwrite   ", True{})	"write_only image2d_t"
buft BASE 	buft_row("buft BASE ", dev_base())	"const float v0|volatile const float v0|float* v0|volatile float* v0|float* v0"
buft CLANG	buft_row("buft CLANG", dev_clang())	"const float v0|volatile const float v0|float* restrict v0|volatile float* restrict v0|float* restrict v0"
buft OPENCL	buft_row("buft OPENCL", dev_opencl())	"const float v0|volatile const float v0|__global float* v0|volatile __global float* v0|__local float* v0"
buft METAL	buft_row("buft METAL", dev_metal())	"constant float& v0|volatile constant float& v0|device float* v0|volatile device float* v0|threadgroup __attribute__((aligned(16))) float* v0"
buft CUDA 	buft_row("buft CUDA ", dev_cuda())	"const float v0|volatile const float v0|float* v0|volatile float* v0|float* v0"
buft HIP  	buft_row("buft HIP  ", dev_hip())	"const float v0|volatile const float v0|float* v0|volatile float* v0|float* v0"
opt devname	opt_row("opt devname", dev_names())	"BASE|CLANG|OPENCL|METAL|CUDA|HIP"
opt barrier	opt_row("opt barrier", barriers())	"|__atomic_thread_fence(__ATOMIC_SEQ_CST);|barrier(CLK_LOCAL_MEM_FENCE);|threadgroup_barrier(mem_flags::mem_threadgroup);|__syncthreads();|__builtin_amdgcn_fence(__ATOMIC_RELEASE, \"workgroup\");__builtin_amdgcn_s_barrier();__builtin_amdgcn_fence(__ATOMIC_ACQUIRE, \"workgroup\");"
opt f4style	opt_row("opt f4style", f4s())	"(float4){}|(float4)()|float4()|make_float4()|make_float4()"
opt infnan	opt_row("opt infnan", infs())	"INFINITY/NAN|__builtin_inff()/__builtin_nanf(\"\")|INFINITY/NAN|INFINITY/NAN|INFINITY/NAN|INFINITY/NAN"
hipockl	hipockl_row("hipockl")	"extern \"C\" __attribute__((device, const)) size_t __ockl_get_local_id(unsigned int);\nextern \"C\" __attribute__((device, const)) size_t __ockl_get_group_id(unsigned int);\nextern \"C\" __attribute__((device, const)) size_t __ockl_get_local_size(unsigned int);"
hipocml	hipocml_row("hipocml")	"extern \"C\" __attribute__((device, pure)) half __ocml_exp2_f16(half);\nextern \"C\" __attribute__((device, pure)) float __ocml_exp2_f32(float);\nextern \"C\" __attribute__((device, pure)) double __ocml_exp2_f64(double);\nextern \"C\" __attribute__((device, pure)) half __ocml_log2_f16(half);\nextern \"C\" __attribute__((device, pure)) float __ocml_log2_f32(float);\nextern \"C\" __attribute__((device, pure)) double __ocml_log2_f64(double);\nextern \"C\" __attribute__((device, const)) half __ocml_sqrt_f16(half);\nextern \"C\" __attribute__((device, const)) float __ocml_sqrt_f32(float);\nextern \"C\" __attribute__((device, const)) double __ocml_sqrt_f64(double);\nextern \"C\" __attribute__((device)) half __ocml_sin_f16(half);\nextern \"C\" __attribute__((device)) float __ocml_sin_f32(float);\nextern \"C\" __attribute__((device)) double __ocml_sin_f64(double);\nextern \"C\" __attribute__((device)) half __ocml_trunc_f16(half);\nextern \"C\" __attribute__((device)) float __ocml_trunc_f32(float);\nextern \"C\" __attribute__((device)) double __ocml_trunc_f64(double);"
kern2 BASE       	kern2_row("kern2 BASE       ", dev_base(), 1, g_bs(S.single()), emit_min(), False{})	"void E_4(float* data0_4, float* data1_4) {\n  float4 val0 = (*((float4*)((data1_4+0))));\n  *((float4*)((data0_4+0))) = (float4){(val0[0]+1.0f)};\n}"
kern2 CLANG      	kern2_row("kern2 CLANG      ", dev_clang(), 1, g_bs(S.single()), emit_min(), False{})	"\nvoid E_4(float* restrict data0_4, float* restrict data1_4) {\n  float4 val0 = (*((float4*)((data1_4+0))));\n  *((float4*)((data0_4+0))) = (float4){(val0[0]+1.0f)};\n}\n"
kern2 OPENCL     	kern2_row("kern2 OPENCL     ", dev_opencl(), 1, g_bs(S.single()), emit_min(), False{})	"__kernel void E_4(__global float* data0_4, __global float* data1_4) {\n  float4 val0 = (*((float4*)((data1_4+0))));\n  *((float4*)((data0_4+0))) = (float4){(val0[0]+1.0f)};\n}"
kern2 HIP        	kern2_row("kern2 HIP        ", dev_hip(), 1, g_bs(S.single()), emit_min(), False{})	"\nextern \"C\" __attribute__((global)) void __attribute__((amdgpu_flat_work_group_size(1, 1))) E_4(float* data0_4, float* data1_4) {\n  float4 val0 = (*((float4*)((data1_4+0))));\n  *((float4*)((data0_4+0))) = (float4){(val0[0]+1.0f)};\n}"
kern2 METAL      	kern2_row("kern2 METAL      ", dev_metal(), 1, g_bs(S.single()), emit_min(), False{})	"#include <metal_stdlib>\nusing namespace metal;\nstruct args_t { device float* data0_4; device float* data1_4; };\nkernel void E_4(constant args_t& args [[buffer(0)]], uint3 gid [[threadgroup_position_in_grid]], uint3 lid [[thread_position_in_threadgroup]]) {\n  device float* data0_4 = args.data0_4; device float* data1_4 = args.data1_4;\n  float4 val0 = (*((float4*)((data1_4+0))));\n  *((float4*)((data0_4+0))) = (float4){(val0[0]+1.0f)};\n}"
kern2 BASE  pref2	kern2_row("kern2 BASE  pref2", dev_base(), 1, g_bs(S.single()), emit_caller(g_caller()), False{})	"// generated by tinybendygrad\n#pragma OPENCL EXTENSION cl_khr_fp16 : enable\nvoid E_4(float* data0_4, float* data1_4) {\n  float4 val0 = (*((float4*)((data1_4+0))));\n  *((float4*)((data0_4+0))) = (float4){(val0[0]+1.0f)};\n}"
kern2 BASE  pref0	kern2_row("kern2 BASE  pref0", dev_base(), 1, g_bs(S.single()), emit_prefixed(), False{})	"\nvoid E_4(float* data0_4, float* data1_4) {\n  float4 val0 = (*((float4*)((data1_4+0))));\n  *((float4*)((data0_4+0))) = (float4){(val0[0]+1.0f)};\n}"
kern2 OPENCL pref2	kern2_row("kern2 OPENCL pref2", dev_opencl(), 1, g_bs(S.single()), emit_caller(g_caller()), False{})	"// generated by tinybendygrad\n#pragma OPENCL EXTENSION cl_khr_fp16 : enable\n__kernel void E_4(__global float* data0_4, __global float* data1_4) {\n  float4 val0 = (*((float4*)((data1_4+0))));\n  *((float4*)((data0_4+0))) = (float4){(val0[0]+1.0f)};\n}"
kern2 CUDA  pref2	kern2_row("kern2 CUDA  pref2", dev_cuda(), 1, g_bs(S.single()), emit_caller(g_caller()), False{})	"typedef unsigned int uint;\n#define INFINITY (__int_as_float(0x7f800000))\n#define NAN (__int_as_float(0x7fffffff))\ntemplate <class T, class F> __device__ __forceinline__ T tg_bitcast(F v) { union U { F f; T t; }; U u; u.f = v; return u.t; }\nextern \"C\" __global__ void __launch_bounds__(1) E_4(float* data0_4, float* data1_4) {\n  float4 val0 = (*((float4*)((data1_4+0))));\n  *((float4*)((data0_4+0))) = (float4){(val0[0]+1.0f)};\n}"
kern2 HIP   pref2	kern2_row("kern2 HIP   pref2", dev_hip(), 1, g_bs(S.single()), emit_caller(g_caller()), False{})	"\nextern \"C\" __attribute__((global)) void __attribute__((amdgpu_flat_work_group_size(1, 1))) E_4(float* data0_4, float* data1_4) {\n  float4 val0 = (*((float4*)((data1_4+0))));\n  *((float4*)((data0_4+0))) = (float4){(val0[0]+1.0f)};\n}"
kern2 METAL pref2	kern2_row("kern2 METAL pref2", dev_metal(), 1, g_bs(S.single()), emit_caller(g_caller()), False{})	"#include <metal_stdlib>\nusing namespace metal;\nstruct args_t { device float* data0_4; device float* data1_4; };\nkernel void E_4(constant args_t& args [[buffer(0)]], uint3 gid [[threadgroup_position_in_grid]], uint3 lid [[thread_position_in_threadgroup]]) {\n  device float* data0_4 = args.data0_4; device float* data1_4 = args.data1_4;\n  float4 val0 = (*((float4*)((data1_4+0))));\n  *((float4*)((data0_4+0))) = (float4){(val0[0]+1.0f)};\n}"
kern2 OPENCL f16 	kern2_row("kern2 OPENCL f16 ", dev_opencl(), 1, g_bs(S.single()), emit_ocl_half(g_caller()), False{})	"#pragma OPENCL EXTENSION cl_khr_fp16 : enable\n// generated by tinybendygrad\n#pragma OPENCL EXTENSION cl_khr_fp16 : enable\n__kernel void E_4(__global float* data0_4, __global float* data1_4) {\n  float4 val0 = (*((float4*)((data1_4+0))));\n  *((float4*)((data0_4+0))) = (float4){(val0[0]+1.0f)};\n}"
kern2 BASE  vol  	kern2_row("kern2 BASE  vol  ", dev_base(), 1, g_bs_vol(), emit_min(), False{})	"void E_4(volatile float* data0_4, float* data1_4) {\n  float4 val0 = (*((float4*)((data1_4+0))));\n  *((float4*)((data0_4+0))) = (float4){(val0[0]+1.0f)};\n}"
kern2 CLANG vol  	kern2_row("kern2 CLANG vol  ", dev_clang(), 1, g_bs_vol(), emit_min(), False{})	"\nvoid E_4(volatile float* restrict data0_4, float* restrict data1_4) {\n  float4 val0 = (*((float4*)((data1_4+0))));\n  *((float4*)((data0_4+0))) = (float4){(val0[0]+1.0f)};\n}\n"
kern2 HIP   spec 	kern2_row("kern2 HIP   spec ", dev_hip(), 1, g_bs(S.single()), emit_hip_spec(), False{})	"typedef long unsigned int size_t;\nextern \"C\" __attribute__((device, const)) size_t __ockl_get_local_id(unsigned int);\nextern \"C\" __attribute__((device, const)) size_t __ockl_get_group_id(unsigned int);\nextern \"C\" __attribute__((device, const)) size_t __ockl_get_local_size(unsigned int);\nextern \"C\" __attribute__((global)) void __attribute__((amdgpu_flat_work_group_size(1, 1))) E_4(float* data0_4, float* data1_4) {\n  float4 val0 = (*((float4*)((data1_4+0))));\n  *((float4*)((data0_4+0))) = (float4){(val0[0]+1.0f)};\n}"
kern2 HIP   ockl 	kern2_row("kern2 HIP   ockl ", dev_hip(), 1, g_bs(S.single()), emit_hip_ocml(), False{})	"typedef long unsigned int size_t;\n#define half _Float16\nextern \"C\" __attribute__((device, const)) size_t __ockl_get_local_id(unsigned int);\nextern \"C\" __attribute__((device, const)) size_t __ockl_get_group_id(unsigned int);\nextern \"C\" __attribute__((device, const)) size_t __ockl_get_local_size(unsigned int);\nextern \"C\" __attribute__((device, const)) half __ocml_sqrt_f16(half);\nextern \"C\" __attribute__((device, const)) float __ocml_sqrt_f32(float);\nextern \"C\" __attribute__((global)) void __attribute__((amdgpu_flat_work_group_size(1, 1))) E_4(float* data0_4, float* data1_4) {\n  float4 val0 = (*((float4*)((data1_4+0))));\n  *((float4*)((data0_4+0))) = (float4){(val0[0]+1.0f)};\n}"
kern2 HIP   half 	kern2_row("kern2 HIP   half ", dev_hip(), 1, g_bs(S.single()), emit_hip_half(), False{})	"typedef long unsigned int size_t;\n#define half _Float16\nextern \"C\" __attribute__((device, const)) size_t __ockl_get_local_id(unsigned int);\nextern \"C\" __attribute__((device, const)) size_t __ockl_get_group_id(unsigned int);\nextern \"C\" __attribute__((device, const)) size_t __ockl_get_local_size(unsigned int);\nextern \"C\" __attribute__((global)) void __attribute__((amdgpu_flat_work_group_size(1, 1))) E_4(float* data0_4, float* data1_4) {\n  float4 val0 = (*((float4*)((data1_4+0))));\n  *((float4*)((data0_4+0))) = (float4){(val0[0]+1.0f)};\n}"
kern2 HIP   bf16 	kern2_row("kern2 HIP   bf16 ", dev_hip(), 1, g_bs(S.single()), emit_hip_bf16(), False{})	"typedef long unsigned int size_t;\ntypedef unsigned short hip_bfloat16;\nextern \"C\" __attribute__((device, const)) size_t __ockl_get_local_id(unsigned int);\nextern \"C\" __attribute__((device, const)) size_t __ockl_get_group_id(unsigned int);\nextern \"C\" __attribute__((device, const)) size_t __ockl_get_local_size(unsigned int);\nextern \"C\" __attribute__((global)) void __attribute__((amdgpu_flat_work_group_size(1, 1))) E_4(float* data0_4, float* data1_4) {\n  float4 val0 = (*((float4*)((data1_4+0))));\n  *((float4*)((data0_4+0))) = (float4){(val0[0]+1.0f)};\n}"
kern2 HIP   bf16h 	kern2_row("kern2 HIP   bf16h ", dev_hip(), 1, g_bs(S.single()), emit_hip_bf16_half(), False{})	"typedef long unsigned int size_t;\ntypedef unsigned short hip_bfloat16;\n#define half _Float16\nextern \"C\" __attribute__((device, const)) size_t __ockl_get_local_id(unsigned int);\nextern \"C\" __attribute__((device, const)) size_t __ockl_get_group_id(unsigned int);\nextern \"C\" __attribute__((device, const)) size_t __ockl_get_local_size(unsigned int);\nextern \"C\" __attribute__((global)) void __attribute__((amdgpu_flat_work_group_size(1, 1))) E_4(float* data0_4, float* data1_4) {\n  float4 val0 = (*((float4*)((data1_4+0))));\n  *((float4*)((data0_4+0))) = (float4){(val0[0]+1.0f)};\n}"
kern2 HIP   cdna4	kern2_row("kern2 HIP   cdna4", dev_hip(), 1, g_bs(S.single()), emit_hip_bf16(), True{})	"typedef long unsigned int size_t;\ntypedef __bf16 hip_bfloat16;\nextern \"C\" __attribute__((device, const)) size_t __ockl_get_local_id(unsigned int);\nextern \"C\" __attribute__((device, const)) size_t __ockl_get_group_id(unsigned int);\nextern \"C\" __attribute__((device, const)) size_t __ockl_get_local_size(unsigned int);\nextern \"C\" __attribute__((global)) void __attribute__((amdgpu_flat_work_group_size(1, 1))) E_4(float* data0_4, float* data1_4) {\n  float4 val0 = (*((float4*)((data1_4+0))));\n  *((float4*)((data0_4+0))) = (float4){(val0[0]+1.0f)};\n}"
kern2 HIP   inf  	kern2_row("kern2 HIP   inf  ", dev_hip(), 1, g_bs(S.single()), emit_hip_inf(), False{})	"#define INFINITY (__builtin_inff())\n#define NAN (__builtin_nanf(\"\"))\ntypedef long unsigned int size_t;\nextern \"C\" __attribute__((device, const)) size_t __ockl_get_local_id(unsigned int);\nextern \"C\" __attribute__((device, const)) size_t __ockl_get_group_id(unsigned int);\nextern \"C\" __attribute__((device, const)) size_t __ockl_get_local_size(unsigned int);\nextern \"C\" __attribute__((global)) void __attribute__((amdgpu_flat_work_group_size(1, 1))) E_4(float* data0_4, float* data1_4) {\n  float4 val0 = (*((float4*)((data1_4+0))));\n  *((float4*)((data0_4+0))) = (float4){(val0[0]+1.0f)};\n}"
kern2 CUDA  half 	kern2_row("kern2 CUDA  half ", dev_cuda(), 1, g_bs(S.single()), emit_cuda(uses_of(True{}, False{}, False{}, False{}, False{}, False{})), False{})	"typedef unsigned int uint;\n#define INFINITY (__int_as_float(0x7f800000))\n#define NAN (__int_as_float(0x7fffffff))\ntemplate <class T, class F> __device__ __forceinline__ T tg_bitcast(F v) { union U { F f; T t; }; U u; u.f = v; return u.t; }\n#include <cuda_fp16.h>\nextern \"C\" __global__ void __launch_bounds__(1) E_4(float* data0_4, float* data1_4) {\n  float4 val0 = (*((float4*)((data1_4+0))));\n  *((float4*)((data0_4+0))) = (float4){(val0[0]+1.0f)};\n}"
kern2 CUDA  bf16 	kern2_row("kern2 CUDA  bf16 ", dev_cuda(), 1, g_bs(S.single()), emit_cuda(uses_of(False{}, True{}, False{}, False{}, False{}, False{})), False{})	"typedef unsigned int uint;\n#define INFINITY (__int_as_float(0x7f800000))\n#define NAN (__int_as_float(0x7fffffff))\ntemplate <class T, class F> __device__ __forceinline__ T tg_bitcast(F v) { union U { F f; T t; }; U u; u.f = v; return u.t; }\n#include <cuda_bf16.h>\nextern \"C\" __global__ void __launch_bounds__(1) E_4(float* data0_4, float* data1_4) {\n  float4 val0 = (*((float4*)((data1_4+0))));\n  *((float4*)((data0_4+0))) = (float4){(val0[0]+1.0f)};\n}"
kern2 CUDA  fp8  	kern2_row("kern2 CUDA  fp8  ", dev_cuda(), 1, g_bs(S.single()), emit_cuda(uses_of(False{}, False{}, True{}, False{}, False{}, False{})), False{})	"typedef unsigned int uint;\n#define INFINITY (__int_as_float(0x7f800000))\n#define NAN (__int_as_float(0x7fffffff))\ntemplate <class T, class F> __device__ __forceinline__ T tg_bitcast(F v) { union U { F f; T t; }; U u; u.f = v; return u.t; }\n#include <cuda_fp8.h>\nextern \"C\" __global__ void __launch_bounds__(1) E_4(float* data0_4, float* data1_4) {\n  float4 val0 = (*((float4*)((data1_4+0))));\n  *((float4*)((data0_4+0))) = (float4){(val0[0]+1.0f)};\n}"
kern2 BASE  alu  	kern2_row("kern2 BASE  alu  ", dev_base(), 1, g_bs_alu(), emit_min(), False{})	"void E_4(const float alu0_1, const float alu1_1) {\n  float4 val0 = (*((float4*)((data1_4+0))));\n  *((float4*)((data0_4+0))) = (float4){(val0[0]+1.0f)};\n}"
kern2 CLANG alu  	kern2_row("kern2 CLANG alu  ", dev_clang(), 1, g_bs_alu(), emit_min(), False{})	"\nvoid E_4(const float alu0_1, const float alu1_1) {\n  float4 val0 = (*((float4*)((data1_4+0))));\n  *((float4*)((data0_4+0))) = (float4){(val0[0]+1.0f)};\n}\n"
kern2 METAL alu  	kern2_row("kern2 METAL alu  ", dev_metal(), 1, g_bs_alu(), emit_min(), False{})	"#include <metal_stdlib>\nusing namespace metal;\nstruct args_t { float alu0_1; float alu1_1; };\nkernel void E_4(constant args_t& args [[buffer(0)]], uint3 gid [[threadgroup_position_in_grid]], uint3 lid [[thread_position_in_threadgroup]]) {\n  float alu0_1 = args.alu0_1; float alu1_1 = args.alu1_1;\n  float4 val0 = (*((float4*)((data1_4+0))));\n  *((float4*)((data0_4+0))) = (float4){(val0[0]+1.0f)};\n}"
kern2 CUDA  vecs 	kern2_row("kern2 CUDA  vecs ", dev_cuda(), 1, g_bs(S.single()), emit_vecs(g_cuda_vecs()), False{})	"typedef unsigned int uint;\n#define INFINITY (__int_as_float(0x7f800000))\n#define NAN (__int_as_float(0x7fffffff))\ntemplate <class T, class F> __device__ __forceinline__ T tg_bitcast(F v) { union U { F f; T t; }; U u; u.f = v; return u.t; }\n#include <cuda_fp16.h>\nstruct __align__(8) half4 { half x, y, z, w; }; __device__ half4 make_half4(half x, half y, half z, half w) { half4 r={x, y, z, w}; return r; }\nextern \"C\" __global__ void __launch_bounds__(1) E_4(float* data0_4, float* data1_4) {\n  float4 val0 = (*((float4*)((data1_4+0))));\n  *((float4*)((data0_4+0))) = (float4){(val0[0]+1.0f)};\n}"
kern2 HIP   vecs 	kern2_row("kern2 HIP   vecs ", dev_hip(), 1, g_bs(S.single()), emit_hip_vecs(g_hip_vecs()), False{})	"typedef long unsigned int size_t;\n#define half _Float16\nextern \"C\" __attribute__((device, const)) size_t __ockl_get_local_id(unsigned int);\nextern \"C\" __attribute__((device, const)) size_t __ockl_get_group_id(unsigned int);\nextern \"C\" __attribute__((device, const)) size_t __ockl_get_local_size(unsigned int);\ntypedef half half4 __attribute__((ext_vector_type(4)));\nstatic inline __attribute__((device)) half4 make_half4(half x, half y, half z, half w) { return { x, y, z, w }; }\nextern \"C\" __attribute__((global)) void __attribute__((amdgpu_flat_work_group_size(1, 1))) E_4(float* data0_4, float* data1_4) {\n  float4 val0 = (*((float4*)((data1_4+0))));\n  *((float4*)((data0_4+0))) = (float4){(val0[0]+1.0f)};\n}"
kern2 CUDA  all  	kern2_row("kern2 CUDA  all  ", dev_cuda(), 1, g_bs(S.single()), emit_cuda(uses_of(True{}, True{}, True{}, False{}, False{}, False{})), False{})	"typedef unsigned int uint;\n#define INFINITY (__int_as_float(0x7f800000))\n#define NAN (__int_as_float(0x7fffffff))\ntemplate <class T, class F> __device__ __forceinline__ T tg_bitcast(F v) { union U { F f; T t; }; U u; u.f = v; return u.t; }\n#include <cuda_fp8.h>\n#include <cuda_fp16.h>\n#include <cuda_bf16.h>\nextern \"C\" __global__ void __launch_bounds__(1) E_4(float* data0_4, float* data1_4) {\n  float4 val0 = (*((float4*)((data1_4+0))));\n  *((float4*)((data0_4+0))) = (float4){(val0[0]+1.0f)};\n}"
